Renner	Prijs	Team	OML	KBK	SAM	STR	NOK	BKC	MSR	RVB	E3	IFF	DDV	RVV	SP	PR	RVL	BRP	AGR	WAP	LBL
VAN DER POEL Mathieu	14	Alpecin-Premier Tech	1	0	0	0	0	0	1	0	1	1	0	1	0	1	0	0	0	0	0
POGAČAR Tadej	14	UAE Team Emirates - XRG	0	0	0	1	0	0	1	0	0	0	0	1	0	1	0	0	0	0	1
EVENEPOEL Remco	12	Red Bull - BORA - hansgrohe	0	0	0	0	0	0	0	0	0	0	0	1	0	0	0	0	1	1	1
VAN AERT Wout	11	Team Visma | Lease a Bike	0	0	1	1	0	0	1	0	0	1	1	1	0	1	0	0	0	0	0
PEDERSEN Mads	10	Lidl - Trek	0	0	0	0	0	0	1	0	1	0	1	1	0	1	0	0	0	0	0
PHILIPSEN Jasper	9	Alpecin-Premier Tech	1	1	0	0	1	0	1	1	0	1	1	0	1	1	0	0	0	0	0
PIDCOCK Thomas	8	Pinarello Q36.5 Pro Cycling Team	1	0	0	1	0	0	1	0	0	0	0	0	0	0	0	1	1	1	1
MERLIER Tim	8	Soudal - Quick Step	0	0	0	0	0	0	0	0	0	0	0	0	1	1	1	0	0	0	0
VINGEGAARD Jonas	8	Team Visma | Lease a Bike	0	0	0	0	0	0	0	0	0	0	0	0	0	0	0	0	0	0	0
GANNA Filippo	7	INEOS Grenadiers	0	0	0	0	0	0	1	0	0	1	1	0	0	1	0	0	0	0	0
DEL TORO Isaac	7	UAE Team Emirates - XRG	0	0	0	1	0	0	1	0	0	0	0	0	0	0	0	0	0	0	0
MAGNIER Paul	7	Soudal - Quick Step	1	1	0	0	0	0	1	0	0	1	1	1	0	0	0	0	0	0	0
HEALY Ben	7	EF Education - EasyPost	0	0	0	1	0	0	0	0	0	0	0	0	0	0	0	0	1	1	1
MILAN Jonathan	7	Lidl - Trek	0	1	0	0	0	0	0	0	0	1	1	0	0	1	0	0	0	0	0
SKJELMOSE Mattias	7	Lidl - Trek	0	0	0	0	0	0	0	0	0	0	0	0	0	0	0	0	1	1	1
AYUSO Juan	7	Lidl - Trek	0	0	0	0	0	0	0	0	0	0	0	0	0	0	0	0	0	1	1
ROGLIČ Primož	7	Red Bull - BORA - hansgrohe	0	0	0	0	0	0	1	0	0	0	0	0	0	0	0	0	0	0	0
STUYVEN Jasper	6	Soudal - Quick Step	0	0	0	0	0	0	1	0	1	1	0	1	0	1	0	0	0	0	0
BRENNAN Matthew	6	Team Visma | Lease a Bike	0	1	0	0	0	0	0	0	0	1	1	1	0	1	0	0	0	0	0
DE LIE Arnaud	6	Lotto Intermarché	1	1	0	0	0	0	0	0	0	1	1	0	0	1	0	0	0	0	0
JORGENSON Matteo	6	Team Visma | Lease a Bike	0	0	0	1	0	0	1	0	0	0	0	0	0	0	0	0	1	1	1
GROVES Kaden	6	Alpecin-Premier Tech	1	1	0	0	0	0	0	0	0	0	0	0	0	0	0	0	0	0	0
VACEK Mathias	6	Lidl - Trek	1	0	0	0	0	0	1	0	1	1	1	1	0	1	0	0	0	0	0
WELLENS Tim	6	UAE Team Emirates - XRG	1	1	0	0	0	0	0	0	0	0	0	0	0	0	0	1	1	0	0
NYS Thibau	6	Lidl - Trek	0	0	0	0	0	0	0	0	0	0	0	0	0	0	0	0	0	0	0
VAN GILS Maxim	6	Red Bull - BORA - hansgrohe	0	0	0	0	0	0	0	0	0	0	0	0	0	0	0	0	0	0	0
CARAPAZ Richard	6	EF Education - EasyPost	0	0	0	1	0	0	0	0	0	0	0	0	0	0	0	0	0	0	0
POWLESS Neilson	6	EF Education - EasyPost	0	0	0	0	0	0	0	0	0	0	0	0	0	0	0	0	0	0	0
MATTHEWS Michael	6	Team Jayco AlUla	0	0	0	0	0	0	0	0	0	0	0	0	0	0	0	0	1	0	0
BENOOT Tiesj	6	Decathlon CMA CGM Team	0	0	0	0	0	0	0	0	0	0	0	0	0	0	0	0	0	0	0
KOOIJ Olav	6	Decathlon CMA CGM Team	0	0	0	0	0	0	0	0	0	0	0	0	0	0	0	0	0	0	0
LIPOWITZ Florian	6	Red Bull - BORA - hansgrohe	0	0	0	0	0	0	0	0	0	0	0	0	0	0	0	0	0	0	0
ALMEIDA João	6	UAE Team Emirates - XRG	0	0	0	0	0	0	0	0	0	0	0	0	0	0	0	0	0	0	0
LAPORTE Christophe	5	Team Visma | Lease a Bike	1	1	1	0	0	0	1	0	1	1	1	1	0	1	0	0	1	0	0
MEEUS Jordi	5	Red Bull - BORA - hansgrohe	1	1	1	0	1	0	0	0	0	1	0	0	1	1	0	0	0	0	0
TRENTIN Matteo	5	Tudor Pro Cycling Team	1	1	0	0	0	0	1	0	1	1	0	1	0	0	0	0	0	0	0
VERMEERSCH Florian	5	UAE Team Emirates - XRG	1	1	0	1	0	0	1	1	1	1	1	1	0	1	0	0	0	0	0
HOFSTETTER Hugo	5	NSN Cycling Team	0	1	1	0	1	1	0	1	1	1	0	0	1	0	0	0	0	0	0
WÆRENSKJOLD Søren	5	Uno-X Mobility	1	0	0	0	0	0	1	1	0	1	1	1	0	1	0	0	0	0	0
SEIXAS Paul	5	Decathlon CMA CGM Team	0	0	0	1	0	0	0	0	0	0	0	0	0	0	0	0	0	1	1
GRÉGOIRE Romain	5	Groupama - FDJ United	0	0	0	1	0	0	1	0	1	0	1	1	0	0	0	1	1	1	1
GIRMAY Biniam	5	NSN Cycling Team	1	1	0	0	0	0	1	0	1	1	1	1	0	1	0	0	0	0	0
CHRISTEN Jan	5	UAE Team Emirates - XRG	0	0	0	1	0	0	1	0	0	0	0	0	0	0	0	0	0	0	0
MOHORIČ Matej	5	Bahrain - Victorious	1	1	0	1	0	0	1	0	1	1	1	1	0	1	0	0	1	0	0
SHEFFIELD Magnus	5	INEOS Grenadiers	1	0	0	0	0	0	0	0	1	0	1	1	0	0	0	0	0	0	0
DEL GROSSO Tibor	5	Alpecin-Premier Tech	0	0	0	1	0	0	0	0	1	0	1	0	0	1	0	1	1	0	0
JOHANNESSEN Tobias Halland	5	Uno-X Mobility	0	0	0	1	0	0	0	0	0	0	0	0	0	0	0	0	0	1	1
FRETIN Milan	5	Cofidis	0	0	0	0	0	0	0	1	0	1	1	0	0	0	0	0	0	0	0
COSNEFROY Benoît	5	UAE Team Emirates - XRG	0	0	0	0	0	0	0	0	0	0	1	1	0	0	0	1	1	1	1
VAN EETVELT Lennert	5	Lotto Intermarché	0	0	0	0	0	0	0	0	0	0	0	0	0	0	0	0	0	1	1
CICCONE Giulio	5	Lidl - Trek	0	0	0	0	0	0	1	0	0	0	0	0	0	0	0	0	1	1	1
HIRSCHI Marc	5	Tudor Pro Cycling Team	0	0	0	0	0	0	0	0	0	0	0	0	0	0	0	0	1	1	1
SCARONI Christian	5	XDS Astana Team	0	0	0	0	0	0	0	0	0	0	0	0	0	0	0	0	1	1	1
UIJTDEBROEKS Cian	5	Movistar Team	0	0	0	0	0	0	0	0	0	0	0	0	0	0	0	0	0	1	1
PELLIZZARI Giulio	5	Red Bull - BORA - hansgrohe	0	0	0	1	0	0	1	0	0	0	0	0	0	0	0	0	0	0	0
KÜNG Stefan	5	Tudor Pro Cycling Team	1	0	0	0	0	0	0	0	0	0	0	0	0	0	0	0	0	0	0
MARTINEZ Lenny	5	Bahrain - Victorious	0	0	0	0	0	0	0	0	0	0	0	0	0	0	0	0	0	1	1
TIBERI Antonio	5	Bahrain - Victorious	0	0	0	0	0	0	0	0	0	0	0	0	0	0	0	0	0	0	0
BUITRAGO Santiago	5	Bahrain - Victorious	0	0	0	0	0	0	0	0	0	0	0	0	0	0	0	0	0	0	0
GALL Felix	5	Decathlon CMA CGM Team	0	0	0	0	0	0	0	0	0	0	0	0	0	0	0	0	0	0	0
ONLEY Oscar	5	INEOS Grenadiers	0	0	0	0	0	0	0	0	0	0	0	0	0	0	0	0	0	0	0
VAUQUELIN Kévin	5	INEOS Grenadiers	0	0	0	0	0	0	0	0	0	0	0	0	0	0	0	0	1	1	1
GEE-WEST Derek	5	Lidl - Trek	0	0	0	0	0	0	0	0	0	0	0	0	0	0	0	0	0	0	0
HINDLEY Jai	5	Red Bull - BORA - hansgrohe	0	0	0	0	0	0	0	0	0	0	0	0	0	0	0	0	0	0	0
O'CONNOR Ben	5	Team Jayco AlUla	0	0	0	0	0	0	0	0	0	0	0	0	0	0	0	0	0	0	0
KUSS Sepp	5	Team Visma | Lease a Bike	0	0	0	0	0	0	0	0	0	0	0	0	0	0	0	0	0	0	0
STORER Michael	5	Tudor Pro Cycling Team	0	0	0	0	0	0	0	0	0	0	0	0	0	0	0	0	0	0	0
VINE Jay	5	UAE Team Emirates - XRG	0	0	0	0	0	0	0	0	0	0	0	0	0	0	0	0	0	0	0
YATES Adam	5	UAE Team Emirates - XRG	0	0	0	0	0	0	0	0	0	0	0	0	0	0	0	0	0	0	0
NARVÁEZ Jhonatan	5	UAE Team Emirates - XRG	0	0	0	0	0	0	0	0	0	0	0	0	0	0	0	1	1	0	0
ANDRESEN Tobias Lund	4	Decathlon CMA CGM Team	1	1	0	0	0	0	1	0	1	1	1	0	0	0	0	0	0	0	0
MOZZATO Luca	4	Tudor Pro Cycling Team	1	1	0	0	0	1	0	1	0	1	1	1	0	1	0	0	0	0	0
GROENEWEGEN Dylan	4	Unibet Rose Rockets	0	1	1	0	0	1	0	1	0	0	0	0	0	0	0	0	0	0	0
REX Laurenz	4	Soudal - Quick Step	0	1	1	0	0	0	1	1	0	1	0	0	0	0	0	0	0	0	0
KANTER Max	4	XDS Astana Team	0	1	0	0	1	1	0	1	0	1	0	0	0	0	0	0	0	0	0
ABRAHAMSEN Jonas	4	Uno-X Mobility	1	1	0	0	0	0	1	0	1	1	1	1	0	1	0	0	0	0	0
KUBIŠ Lukáš	4	Unibet Rose Rockets	1	0	1	0	1	0	1	0	0	1	1	1	0	1	0	0	0	0	0
BERCKMOES Jenno	4	Lotto Intermarché	1	1	0	0	0	0	1	0	1	1	1	1	0	0	0	1	1	0	0
VERMEERSCH Gianni	4	Red Bull - BORA - hansgrohe	1	0	1	1	1	0	0	0	1	1	1	1	0	1	0	0	1	0	0
BITTNER Pavel	4	Team Picnic PostNL	0	1	0	0	0	1	0	1	0	1	0	0	1	1	0	0	0	0	0
LAMPERTI Luke	4	EF Education - EasyPost	1	1	0	0	0	0	1	1	1	1	1	1	0	1	0	0	0	0	0
PITHIE Laurence	4	Red Bull - BORA - hansgrohe	1	1	0	0	0	0	1	0	1	1	1	1	1	1	0	0	0	0	0
MOLANO Juan Sebastián	4	UAE Team Emirates - XRG	0	1	0	0	1	1	0	1	0	1	0	0	0	1	0	0	0	0	0
TEUNISSEN Mike	4	XDS Astana Team	1	1	0	0	0	0	1	0	1	1	0	1	0	1	0	0	0	0	0
PENHOËT Paul	4	Groupama - FDJ United	0	1	1	0	1	1	0	1	0	1	0	0	0	0	0	0	0	0	0
TURGIS Anthony	4	TotalEnergies	1	0	0	0	0	0	0	0	1	1	1	1	0	1	0	0	0	0	0
ACKERMANN Pascal	4	Team Jayco AlUla	0	1	0	0	1	1	0	0	0	1	0	0	1	0	1	0	0	0	0
STRONG Corbin	4	NSN Cycling Team	0	0	0	0	0	0	1	0	0	0	0	0	0	0	0	0	0	0	0
GARCÍA CORTINA Iván	4	Movistar Team	1	1	0	0	0	0	1	1	1	1	1	1	0	1	0	0	1	0	0
JEANNIÈRE Emilien	4	TotalEnergies	0	1	0	0	1	1	0	1	0	1	0	0	1	0	0	0	0	0	0
BOL Cees	4	Decathlon CMA CGM Team	0	1	0	0	0	0	0	1	1	1	0	1	0	1	0	0	0	0	0
MORGADO António	4	UAE Team Emirates - XRG	0	0	0	0	1	0	0	0	1	0	1	1	0	1	0	0	0	0	0
AULAR Orluis	4	Movistar Team	0	1	0	0	0	0	1	1	0	1	1	1	0	0	0	0	0	0	0
POLITT Nils	4	UAE Team Emirates - XRG	1	1	0	0	0	1	0	0	1	1	1	1	0	1	0	0	0	0	0
MENTEN Milan	4	Lotto Intermarché	0	0	0	0	1	0	0	0	0	0	0	0	0	0	1	1	0	0	0
LAPEIRA Paul	4	Decathlon CMA CGM Team	0	0	0	1	0	0	1	0	0	0	0	0	0	0	0	0	1	1	1
THIJSSEN Gerben	4	Alpecin-Premier Tech	0	0	1	0	1	1	0	1	0	0	0	0	0	0	1	0	0	0	0
ARANBURU Alex	4	Cofidis	0	0	0	0	0	0	1	0	0	0	0	0	0	0	0	0	1	1	1
BALLERINI Davide	4	XDS Astana Team	1	1	0	0	0	0	1	1	0	1	1	1	0	1	0	0	0	0	0
WATSON Samuel	4	INEOS Grenadiers	1	0	0	0	0	0	0	1	1	1	1	1	0	0	0	0	0	0	0
DAINESE Alberto	4	Soudal - Quick Step	0	0	0	0	1	1	0	0	0	0	0	0	0	0	1	0	0	0	0
PLUIMERS Rick	4	Tudor Pro Cycling Team	0	1	0	0	0	0	1	0	1	0	1	1	0	0	0	0	1	0	0
VANSEVENANT Mauri	4	Soudal - Quick Step	0	0	0	1	0	0	0	0	0	0	0	0	0	0	0	0	1	1	1
SEGAERT Alec	4	Bahrain - Victorious	1	1	1	0	1	0	0	0	1	1	1	1	0	1	0	0	0	0	0
MARIT Arne	4	Red Bull - BORA - hansgrohe	1	1	1	0	1	0	0	0	1	0	1	0	0	1	0	0	0	0	0
MCNULTY Brandon	4	UAE Team Emirates - XRG	0	0	0	0	0	0	1	0	0	0	0	0	0	0	0	0	1	0	0
BILBAO Pello	4	Bahrain - Victorious	0	0	0	1	0	0	0	0	0	0	0	0	0	0	0	0	1	1	1
TURNER Ben	4	INEOS Grenadiers	1	0	0	0	0	0	1	1	1	1	0	0	0	1	0	0	0	0	0
TEUNS Dylan	4	Cofidis	1	0	1	0	0	0	0	0	0	1	1	1	0	1	0	1	1	1	1
ZINGLE Axel	4	Team Visma | Lease a Bike	1	1	0	0	0	0	0	0	1	0	1	1	0	0	0	0	1	0	0
VAN POPPEL Danny	4	Red Bull - BORA - hansgrohe	0	0	1	0	0	0	1	0	0	0	0	0	1	0	0	0	1	0	0
ASGREEN Kasper	4	EF Education - EasyPost	1	1	0	0	0	0	1	0	0	1	1	1	0	1	0	0	0	0	0
TARLING Joshua	4	INEOS Grenadiers	0	0	0	0	0	0	1	0	1	1	1	1	0	1	0	0	0	0	0
ALAPHILIPPE Julian	4	Tudor Pro Cycling Team	0	0	0	1	0	0	1	0	0	0	0	0	0	0	0	0	1	1	1
COQUARD Bryan	4	Cofidis	0	0	0	0	0	0	1	0	0	0	0	0	0	0	0	1	1	0	0
SCHACHMANN Maximilian	4	Soudal - Quick Step	0	0	0	0	0	0	1	0	0	0	0	0	0	0	0	1	1	1	1
DE BONDT Dries	4	Team Jayco AlUla	1	1	0	0	0	1	0	0	1	1	1	1	0	1	0	1	0	0	0
MADOUAS Valentin	4	Groupama - FDJ United	1	0	0	1	0	0	0	0	1	0	1	1	0	0	0	1	0	0	0
WRIGHT Fred	4	Pinarello Q36.5 Pro Cycling Team	1	1	0	0	0	0	1	0	1	1	0	1	0	1	1	0	0	0	0
VAN DEN BERG Marijn	4	EF Education - EasyPost	1	1	0	0	0	0	0	1	0	0	0	0	0	0	0	0	0	0	0
MIHKELS Madis	4	EF Education - EasyPost	0	0	0	0	0	0	1	1	1	1	0	0	0	1	0	0	0	0	0
HERMANS Quinten	4	Pinarello Q36.5 Pro Cycling Team	0	0	0	0	0	0	0	0	0	0	1	0	0	0	0	1	1	1	1
JAKOBSEN Fabio	4	Team Picnic PostNL	0	0	1	0	1	1	0	1	1	0	0	0	0	0	0	0	0	0	0
KRAGH ANDERSEN Søren	4	Lidl - Trek	1	0	0	0	0	0	1	0	0	1	1	1	0	0	0	0	0	0	0
TRATNIK Jan	4	Red Bull - BORA - hansgrohe	0	0	0	0	0	0	0	0	1	1	0	1	0	0	0	0	1	0	1
SCHMID Mauro	4	Team Jayco AlUla	0	0	0	0	0	0	1	0	0	0	0	0	0	0	0	1	1	1	1
SKUJIŅŠ Toms	4	Lidl - Trek	1	1	0	0	0	0	0	0	0	0	0	0	0	0	1	0	0	0	0
LAURANCE Axel	4	INEOS Grenadiers	0	0	0	1	0	0	1	0	0	0	0	0	0	0	0	0	1	1	1
PARET-PEINTRE Aurélien	4	Decathlon CMA CGM Team	0	0	0	0	0	0	0	0	0	0	0	0	0	0	0	0	0	1	1
KWIATKOWSKI Michał	4	INEOS Grenadiers	1	0	0	0	0	0	1	0	0	0	0	0	0	0	0	0	0	1	1
ASKEY Lewis	4	NSN Cycling Team	1	1	0	0	0	0	1	0	0	1	1	1	0	1	0	0	0	0	0
VAN BAARLE Dylan	4	Soudal - Quick Step	1	1	0	0	0	0	0	0	1	0	1	1	0	1	0	0	1	0	0
BETTIOL Alberto	4	XDS Astana Team	1	0	0	1	0	0	1	0	1	0	1	1	0	0	0	0	0	0	0
MOSCHETTI Matteo	4	Pinarello Q36.5 Pro Cycling Team	0	1	0	0	1	1	0	0	0	0	0	0	0	0	0	0	0	0	0
TULETT Ben	4	Team Visma | Lease a Bike	0	0	0	0	0	0	0	0	0	0	0	0	0	0	0	0	1	1	1
BARRÉ Louis	4	Team Visma | Lease a Bike	0	0	0	0	0	0	0	0	0	0	0	0	0	0	0	0	1	1	1
VAN WILDER Ilan	4	Soudal - Quick Step	0	0	0	0	0	0	0	0	0	0	0	0	0	0	0	0	1	1	1
SIVAKOV Pavel	4	UAE Team Emirates - XRG	0	0	0	0	0	0	0	0	0	0	0	0	0	0	0	0	1	1	1
VALTER Attila	4	Bahrain - Victorious	1	0	0	1	0	0	0	1	1	0	0	0	0	0	0	1	1	0	0
WIDAR Jarno	4	Lotto Intermarché	0	0	0	0	0	0	0	0	0	0	0	0	0	0	0	0	0	1	1
GODON Dorian	4	INEOS Grenadiers	0	0	0	0	0	0	0	0	0	0	0	0	0	0	0	0	1	1	0
MARTÍNEZ Daniel Felipe	4	Red Bull - BORA - hansgrohe	0	0	0	0	0	0	0	0	0	0	0	0	0	0	0	0	0	1	1
CORT Magnus	4	Uno-X Mobility	0	0	0	0	0	0	1	0	0	0	0	0	0	0	0	0	0	0	1
MARTIN Guillaume	4	Groupama - FDJ United	0	0	0	0	0	0	0	0	0	0	0	0	0	0	0	0	0	1	1
SIMMONS Quinn	4	Lidl - Trek	0	0	0	1	0	0	0	0	0	0	0	0	0	0	0	0	1	0	0
CARUSO Damiano	4	Bahrain - Victorious	0	0	0	0	0	0	1	0	0	0	0	0	0	0	0	0	0	0	0
ROMEO Iván	4	Movistar Team	0	0	0	0	0	0	0	0	0	0	0	0	0	0	0	0	0	0	0
BENNETT Sam	4	Pinarello Q36.5 Pro Cycling Team	0	0	0	0	1	1	0	0	0	0	1	0	0	0	1	0	0	0	0
VAN UDEN Casper	4	Team Picnic PostNL	0	0	0	0	1	0	0	0	0	0	0	0	0	0	0	0	0	0	0
BAUHAUS Phil	4	Bahrain - Victorious	0	1	0	0	0	0	0	1	0	0	0	0	0	1	1	0	0	0	0
TILLER Rasmus	4	Uno-X Mobility	1	1	0	0	0	0	0	0	1	1	0	1	0	1	0	0	0	0	0
VELASCO Simone	4	XDS Astana Team	0	0	0	1	0	0	0	0	0	0	0	0	0	0	0	0	1	0	0
BERNAL Egan	4	INEOS Grenadiers	0	0	0	0	0	0	0	0	0	0	0	0	0	0	0	0	0	0	0
ARENSMAN Thymen	4	INEOS Grenadiers	0	0	0	0	0	0	0	0	0	0	0	0	0	0	0	0	0	0	0
GAVIRIA Fernando	4	Caja Rural - Seguros RGA	0	0	0	0	0	0	0	0	0	0	0	0	0	0	1	1	0	0	0
RICCITELLO Matthew	4	Decathlon CMA CGM Team	0	0	0	0	0	0	0	0	0	0	0	0	0	0	0	0	0	0	0
GAUDU David	4	Groupama - FDJ United	0	0	0	0	0	0	0	0	0	0	0	0	0	0	0	0	0	0	0
RODRÍGUEZ Carlos	4	INEOS Grenadiers	0	0	0	0	0	0	0	0	0	0	0	0	0	0	0	0	0	0	0
WELSFORD Sam	4	INEOS Grenadiers	0	0	0	0	0	0	0	1	0	1	1	1	0	1	0	0	0	0	0
GEOGHEGAN HART Tao	4	Lidl - Trek	0	0	0	0	0	0	0	0	0	0	0	0	0	0	0	0	0	0	0
MAS Enric	4	Movistar Team	0	0	0	0	0	0	0	0	0	0	0	0	0	0	0	0	0	0	0
CASTRILLO Pablo	4	Movistar Team	0	0	0	0	0	0	0	0	0	0	0	0	0	0	0	0	0	0	0
RUBIO Einer	4	Movistar Team	0	0	0	0	0	0	0	0	0	0	0	0	0	0	0	0	0	0	0
VERNON Ethan	4	NSN Cycling Team	0	0	0	0	0	0	0	0	0	0	0	0	0	0	0	0	0	0	0
LUTSENKO Alexey	4	NSN Cycling Team	0	0	0	0	0	0	0	0	0	0	0	0	0	0	0	0	1	0	0
HARPER Chris	4	Pinarello Q36.5 Pro Cycling Team	0	0	0	0	0	0	0	0	0	0	0	0	0	0	0	0	0	0	0
DUNBAR Eddie	4	Pinarello Q36.5 Pro Cycling Team	0	0	0	0	0	0	0	0	0	0	0	0	0	0	0	0	0	0	0
VLASOV Aleksandr	4	Red Bull - BORA - hansgrohe	0	0	0	0	0	0	0	0	0	0	0	0	0	0	0	0	0	0	0
LANDA Mikel	4	Soudal - Quick Step	0	0	0	0	0	0	0	0	0	0	0	0	0	0	0	0	0	0	0
HAYTER Ethan	4	Soudal - Quick Step	0	0	0	0	0	0	0	0	0	0	0	0	0	0	0	0	0	0	0
PARET-PEINTRE Valentin	4	Soudal - Quick Step	0	0	0	0	0	0	0	0	0	0	0	0	0	0	0	0	0	1	0
PLAPP Luke	4	Team Jayco AlUla	0	0	0	0	0	0	0	0	0	0	0	0	0	0	0	0	0	0	0
EEKHOFF Nils	4	Team Picnic PostNL	0	0	0	0	0	0	0	0	0	0	0	0	0	0	0	0	0	0	0
POOLE Max	4	Team Picnic PostNL	0	0	0	0	0	0	0	0	0	0	0	0	0	0	0	0	0	0	0
CAMPENAERTS Victor	4	Team Visma | Lease a Bike	0	0	0	0	0	0	1	0	0	0	0	0	0	0	0	0	0	0	0
JEGAT Jordan	4	TotalEnergies	0	0	0	0	0	0	0	0	0	0	0	0	0	0	0	0	0	0	0
DE KLEIJN Arvid	4	Tudor Pro Cycling Team	0	0	0	0	0	0	0	0	0	0	0	0	0	0	0	0	0	0	0
SOLER Marc	4	UAE Team Emirates - XRG	0	0	0	0	0	0	0	0	0	0	0	0	0	0	0	0	0	0	0
LEKNESSUND Andreas	4	Uno-X Mobility	0	0	0	0	0	0	0	0	0	0	0	0	0	0	0	1	1	0	0
TRÆEN Torstein	4	Uno-X Mobility	0	0	0	0	0	0	0	0	0	0	0	0	0	0	0	0	0	0	0
FORTUNATO Lorenzo	4	XDS Astana Team	0	0	0	0	0	0	0	0	0	0	0	0	0	0	0	0	0	0	0
DE SCHUYTENEER Steffen	3	Lotto Intermarché	0	1	1	0	1	1	0	1	0	1	0	0	0	0	0	0	0	0	0
VAN DIJKE Tim	3	Red Bull - BORA - hansgrohe	1	1	0	0	0	0	0	0	1	1	1	1	0	1	0	0	1	0	0
ANIOŁKOWSKI Stanisław	3	Cofidis	1	1	1	0	1	1	0	1	0	0	0	1	0	1	1	0	0	0	0
DE GENDT Aimé	3	Pinarello Q36.5 Pro Cycling Team	1	1	0	0	1	1	0	0	1	1	1	1	0	1	1	0	0	0	0
HAGENES Per Strand	3	Team Visma | Lease a Bike	1	0	1	0	0	0	0	0	1	0	1	1	0	1	0	0	0	0	0
BIERMANS Jenthe	3	Cofidis	1	0	1	0	1	0	0	1	0	0	0	1	0	0	0	0	0	0	0
GOVEKAR Matevž	3	Bahrain - Victorious	0	1	1	0	1	0	0	0	0	0	0	1	1	1	0	0	0	0	0
BARRENETXEA Jon	3	Movistar Team	1	1	0	0	0	0	1	0	1	1	1	1	0	1	0	0	0	0	0
VENDRAME Andrea	3	Team Jayco AlUla	0	0	0	1	0	0	1	0	0	0	0	0	0	0	0	0	1	0	0
HUENS Axel	3	Groupama - FDJ United	1	1	1	0	1	1	0	1	1	1	1	1	0	1	0	0	0	0	0
DEWULF Stan	3	Decathlon CMA CGM Team	1	1	0	0	0	0	0	1	1	0	1	1	0	1	0	0	1	0	0
RENARD Alexis	3	Cofidis	1	1	1	0	0	1	0	1	0	1	1	1	0	1	0	0	0	0	0
SÉNÉCHAL Florian	3	Alpecin-Premier Tech	1	0	1	0	1	0	0	1	0	1	1	1	0	1	1	0	0	0	0
VALGREN Michael	3	EF Education - EasyPost	0	0	0	1	0	0	1	0	1	1	1	1	0	0	0	0	1	0	0
CANAL Carlos	3	Movistar Team	1	1	0	0	0	0	0	1	1	1	1	1	0	0	0	0	0	0	0
ZAMBANINI Edoardo	3	Bahrain - Victorious	0	0	0	0	0	0	1	0	0	0	0	0	0	0	0	1	1	0	0
BRAET Vito	3	Lotto Intermarché	1	1	1	0	0	1	0	1	1	0	1	1	0	0	1	1	1	0	0
GRUEL Thibaud	3	Groupama - FDJ United	1	0	1	0	1	0	0	0	1	1	1	1	0	1	0	0	0	0	0
PAGE Hugo	3	Cofidis	1	1	1	0	1	1	0	0	0	1	1	1	0	1	0	0	0	0	0
KRON Andreas	3	Uno-X Mobility	0	0	0	1	0	0	0	0	0	0	0	0	0	0	0	1	1	1	1
PLANCKAERT Edward	3	Alpecin-Premier Tech	1	1	0	1	1	0	1	0	1	0	1	1	0	1	0	0	0	0	0
TEUTENBERG Tim Torn	3	Lidl - Trek	1	0	0	0	1	1	0	1	1	1	0	1	0	0	1	0	0	0	0
MIQUEL Pau	3	Bahrain - Victorious	1	1	0	1	1	0	1	0	0	1	1	1	0	0	0	1	1	0	0
LABROSSE Jordan	3	Decathlon CMA CGM Team	0	0	0	1	0	0	1	0	0	0	0	0	0	0	0	0	1	1	1
TESSON Jason	3	TotalEnergies	0	0	1	0	1	1	0	1	0	0	0	0	0	0	0	0	0	0	0
VAN ASBROECK Tom	3	NSN Cycling Team	1	0	1	0	0	1	0	0	1	1	1	1	0	1	0	0	0	0	0
GROßSCHARTNER Felix	3	UAE Team Emirates - XRG	0	0	0	1	0	0	1	0	0	0	0	0	0	0	0	0	0	0	0
THEUNS Edward	3	Lidl - Trek	1	1	0	0	0	1	0	1	1	1	0	1	1	1	0	0	0	0	0
DEGENKOLB John	3	Team Picnic PostNL	1	1	0	0	0	0	1	0	0	1	1	0	0	1	0	0	0	0	0
BEULLENS Cedric	3	Lotto Intermarché	1	0	1	0	0	1	0	1	0	1	1	1	0	1	1	0	0	0	0
LIEPIŅŠ Emīls	3	Pinarello Q36.5 Pro Cycling Team	0	0	0	0	1	1	0	0	0	1	1	1	1	1	0	0	0	0	0
DUJARDIN Sandy	3	TotalEnergies	1	0	0	0	0	0	0	0	1	1	1	1	0	1	0	1	1	0	0
STANNARD Robert	3	Bahrain - Victorious	1	0	1	0	0	0	0	0	0	0	0	0	0	0	0	0	0	0	0
KRIJNSEN Jelte	3	Team Jayco AlUla	1	1	0	0	0	1	0	1	1	0	0	0	0	0	0	0	0	0	0
DUPONT Timothy	3	Tarteletto - Isorex	0	0	1	0	1	1	0	0	0	0	0	0	1	0	1	0	0	0	0
KIELICH Timo	3	Team Visma | Lease a Bike	1	1	0	1	0	0	1	0	1	1	0	0	0	0	0	0	0	0	0
FIORELLI Filippo	3	Team Visma | Lease a Bike	0	1	0	1	0	0	0	0	1	0	0	0	0	0	0	0	1	0	1
RICKAERT Jonas	3	Alpecin-Premier Tech	0	1	1	0	1	0	0	1	0	1	1	0	1	1	0	0	0	0	0
ZANA Filippo	3	Soudal - Quick Step	0	0	0	1	0	0	0	0	0	0	0	0	0	0	0	0	0	0	0
VERMAERKE Kevin	3	UAE Team Emirates - XRG	0	0	0	1	0	0	0	0	0	0	0	0	0	0	0	0	0	0	0
TRONCHON Bastien	3	Groupama - FDJ United	1	1	0	0	1	0	1	0	1	1	0	0	0	1	0	0	0	0	0
VAN MOER Brent	3	Pinarello Q36.5 Pro Cycling Team	1	1	0	1	0	0	1	0	1	1	1	1	1	1	1	0	0	0	0
DILLIER Silvan	3	Alpecin-Premier Tech	0	1	1	0	0	0	1	0	1	1	0	1	0	1	0	0	0	0	0
LARSEN Niklas	3	Unibet Rose Rockets	1	1	0	0	0	0	0	1	0	0	1	1	1	1	0	0	0	0	0
FEDOROV Yevgeniy	3	XDS Astana Team	0	0	0	0	0	0	1	1	1	1	0	1	0	1	0	0	0	0	0
SILVA Guillermo Thomas	3	XDS Astana Team	0	0	0	1	0	0	1	0	0	0	0	0	0	0	0	0	0	0	0
VENTURINI Clément	3	Unibet Rose Rockets	0	0	0	1	0	0	1	0	0	0	0	0	0	0	0	1	1	1	0
VAN DIJKE Mick	3	Red Bull - BORA - hansgrohe	1	1	0	0	0	0	0	0	1	1	1	1	1	1	0	0	0	0	0
ROMELE Alessandro	3	XDS Astana Team	1	1	0	0	0	1	0	0	1	0	1	1	0	1	0	0	0	0	0
ZIMMERMANN Georg	3	Lotto Intermarché	0	0	0	0	0	0	1	0	0	0	0	0	0	0	0	0	1	0	0
KIRSCH Alex	3	Cofidis	1	1	0	0	0	0	0	1	0	0	0	0	0	0	0	0	0	0	0
KOGUT Oded	3	NSN Cycling Team	0	0	1	0	0	1	0	1	0	0	0	0	0	0	0	0	0	0	0
NAESEN Oliver	3	Decathlon CMA CGM Team	1	1	0	0	0	0	1	0	1	1	1	1	0	1	0	0	0	0	0
LEITÃO Iúri	3	Caja Rural - Seguros RGA	0	0	0	0	1	1	0	0	0	0	0	0	0	0	0	0	0	0	0
VAN GESTEL Dries	3	Soudal - Quick Step	1	1	0	0	0	0	0	1	1	0	1	1	0	1	0	0	0	0	0
ALBANESE Vincenzo	3	EF Education - EasyPost	1	1	0	0	0	0	0	1	0	0	0	0	0	0	0	0	0	0	0
OLIVEIRA Rui	3	UAE Team Emirates - XRG	1	1	0	0	1	1	0	1	1	1	0	1	0	1	0	0	0	0	0
JACOBS Johan	3	Groupama - FDJ United	1	1	0	0	0	0	1	1	1	1	1	1	0	1	0	0	0	0	0
GAROFOLI Gianmarco	3	Soudal - Quick Step	0	0	0	1	0	0	0	0	0	0	0	0	0	0	0	0	0	0	0
EULÁLIO Afonso	3	Bahrain - Victorious	0	0	0	1	0	0	0	0	0	0	0	0	0	0	0	0	0	0	1
EINHORN Itamar	3	NSN Cycling Team	0	0	0	0	1	1	0	1	0	0	0	0	1	0	0	0	0	0	0
VAN LERBERGHE Bert	3	Soudal - Quick Step	0	1	1	0	0	0	0	1	0	1	0	0	1	1	1	0	0	0	0
LOOCKX Lander	3	Unibet Rose Rockets	0	0	0	1	0	0	0	0	1	0	0	0	0	0	0	1	1	0	0
GAUTHERAT Pierre	3	Decathlon CMA CGM Team	0	0	0	1	0	0	1	1	1	0	0	0	0	0	0	0	1	0	0
LAMPAERT Yves	3	Soudal - Quick Step	1	1	0	0	1	1	0	1	0	1	1	0	1	1	1	0	0	0	0
SYRITSA Gleb	3	XDS Astana Team	0	1	0	0	1	0	1	1	1	1	1	0	0	1	0	0	0	0	0
CAPIOT Amaury	3	Team Jayco AlUla	1	1	0	0	1	0	0	1	0	0	0	0	0	0	0	0	0	0	0
VAN DEN BROEK Frank	3	Team Picnic PostNL	1	0	0	0	0	0	1	0	1	0	1	0	0	0	0	0	1	1	1
CRABBE Tom	3	Team Flanders - Baloise	0	1	0	0	1	1	0	1	0	1	0	0	1	0	1	0	0	0	0
LIVYNS Arjen	3	XDS Astana Team	1	0	0	0	1	1	0	1	1	1	1	1	0	1	0	0	0	0	0
HONORÉ Mikkel Frølich	3	EF Education - EasyPost	1	1	0	1	0	0	1	1	1	1	1	1	0	0	0	1	1	0	1
ARTZ Huub	3	Lotto Intermarché	0	0	0	0	0	0	1	0	0	1	1	0	0	1	0	1	0	0	0
BISSEGGER Stefan	3	Decathlon CMA CGM Team	1	0	0	0	0	0	0	0	0	1	1	1	0	1	0	0	0	0	0
HOOLE Daan	3	Decathlon CMA CGM Team	0	1	0	0	0	0	0	0	1	1	1	1	0	1	0	0	0	0	0
NOVAK Domen	3	UAE Team Emirates - XRG	0	0	0	0	0	0	1	0	0	0	0	0	0	0	0	0	0	1	1
ADRIÀ Roger	3	Movistar Team	0	1	0	0	0	0	0	0	1	1	0	0	0	0	0	0	1	1	1
PEDERSEN Rasmus Søjberg	3	Decathlon CMA CGM Team	1	1	0	0	0	0	0	0	0	1	1	1	0	1	0	0	0	0	0
SHEEHAN Riley	3	NSN Cycling Team	1	1	0	0	0	0	0	0	0	0	1	1	0	1	0	0	0	0	0
SÖDERQVIST Jakob	3	Lidl - Trek	0	1	0	0	0	0	0	1	0	1	1	0	0	1	0	0	0	0	0
BARTHE Cyril	3	Groupama - FDJ United	1	1	1	0	1	1	0	1	0	1	1	1	0	1	0	0	0	0	0
BUSATTO Francesco	3	Alpecin-Premier Tech	0	0	0	1	0	0	0	0	0	0	0	0	0	0	0	0	1	1	1
COVI Alessandro	3	Team Jayco AlUla	0	0	0	0	0	0	1	0	0	0	0	0	0	0	0	1	1	1	1
CHAMPOUSSIN Clément	3	XDS Astana Team	0	0	0	1	0	0	0	0	0	0	0	0	0	0	0	0	1	1	1
SCHULTZ Nick	3	NSN Cycling Team	0	0	0	1	0	0	1	0	0	0	0	0	0	0	0	0	1	1	1
VERSTRYNGE Emiel	3	Alpecin-Premier Tech	0	0	0	1	0	0	1	0	0	0	0	0	0	0	0	0	1	0	1
VAN BOVEN Luca	3	Lotto Intermarché	1	1	0	0	0	0	1	0	1	0	0	1	0	0	1	1	1	0	0
BRUNEL Alexys	3	TotalEnergies	1	1	0	0	1	0	0	0	1	1	1	1	0	1	0	0	0	0	0
HERREGODTS Rune	3	UAE Team Emirates - XRG	0	1	0	0	0	0	0	1	1	0	1	0	0	0	0	1	0	0	0
MEZGEC Luka	3	Team Jayco AlUla	0	1	0	0	1	1	0	1	0	1	0	1	0	0	0	0	0	0	0
IZAGIRRE Ion	3	Cofidis	0	0	0	0	0	0	0	0	0	0	0	0	0	0	0	0	1	1	1
BAUDIN Alex	3	EF Education - EasyPost	0	0	0	0	0	0	0	0	0	0	0	0	0	0	0	1	1	1	1
COSTIOU Ewen	3	Groupama - FDJ United	0	0	0	0	0	0	0	0	0	0	0	0	0	0	0	1	1	1	1
LANGELLOTTI Victor	3	INEOS Grenadiers	0	0	0	0	0	0	0	0	0	0	0	0	0	0	0	0	1	1	1
BLACKMORE Joseph	3	NSN Cycling Team	0	0	0	0	0	0	0	0	0	0	0	0	0	0	0	1	1	1	1
BLIKRA Erlend	3	Uno-X Mobility	0	0	0	0	1	1	0	1	0	0	0	0	0	0	0	0	0	0	0
ULISSI Diego	3	XDS Astana Team	0	0	0	0	0	0	0	0	0	0	0	0	0	0	0	0	0	1	1
FRISON Frederik	3	Pinarello Q36.5 Pro Cycling Team	1	1	0	0	1	1	0	0	1	1	1	1	1	1	1	0	0	0	0
WITHEN PHILIPSEN Albert	3	Lidl - Trek	1	0	0	1	1	1	0	0	0	0	0	0	0	0	0	0	1	0	0
SWIFT Connor	3	INEOS Grenadiers	0	0	0	1	0	0	1	1	1	1	1	1	0	1	0	0	0	0	0
RACCAGNI NOVIERO Andrea	3	Soudal - Quick Step	0	0	0	0	0	0	0	0	0	0	0	0	0	0	0	1	1	0	1
AERTS Toon	3	Lotto Intermarché	0	0	0	0	0	0	0	0	0	0	0	1	0	1	0	1	1	0	0
DELETTRE Alexandre	3	TotalEnergies	0	0	0	0	0	0	0	0	0	0	0	0	0	0	0	0	1	1	1
MILESI Lorenzo	3	Movistar Team	0	0	0	0	0	0	1	1	0	1	1	1	0	1	0	0	1	0	0
ZIJLAARD Maikel	3	Tudor Pro Cycling Team	0	0	0	0	0	0	0	0	0	0	0	0	0	0	0	0	0	0	0
UHLIG Henri	3	Alpecin-Premier Tech	0	0	0	0	0	1	0	0	0	0	0	0	0	0	0	0	0	0	0
VAN DEN BOSSCHE Fabio	3	Soudal - Quick Step	0	0	0	0	0	0	1	1	0	1	0	1	0	0	1	0	0	0	0
MANZIN Lorrenzo	3	TotalEnergies	0	0	0	0	1	1	0	1	0	0	0	0	0	0	0	0	0	0	0
ALLEGAERT Piet	3	Cofidis	1	1	0	0	1	0	0	0	0	1	1	1	0	0	0	0	0	0	0
LOUVEL Matis	3	NSN Cycling Team	1	1	0	0	0	0	0	0	1	1	1	1	0	1	0	0	0	0	0
WALSCHEID Max	3	Lidl - Trek	0	1	0	0	1	1	0	1	1	0	1	1	1	1	1	0	0	0	0
PICKRELL Riley	3	Modern Adventure Pro Cycling	0	1	1	0	0	0	0	0	0	0	0	0	0	1	0	0	0	0	0
GERMANI Lorenzo	3	Groupama - FDJ United	0	0	0	1	0	0	0	0	0	0	0	0	0	0	0	1	1	0	0
MOLLEMA Bauke	3	Lidl - Trek	0	0	0	1	0	0	0	0	0	0	0	0	0	0	0	0	1	0	0
FOLDAGER Anders	3	Team Jayco AlUla	1	0	0	1	0	0	1	0	0	1	1	0	0	0	0	1	1	0	0
HOELGAARD Markus	3	Uno-X Mobility	1	0	0	0	0	0	0	0	1	1	0	0	0	0	0	0	0	0	0
TOWNSEND Rory	3	Unibet Rose Rockets	0	1	0	0	0	0	0	0	0	0	0	0	0	0	0	0	0	0	0
VAN MECHELEN Vlad	3	Bahrain - Victorious	1	0	0	0	0	0	0	0	0	0	0	0	0	0	0	1	1	0	0
ETXEBERRIA Haimar	3	Red Bull - BORA - hansgrohe	0	0	0	0	1	0	0	0	0	0	0	0	0	0	0	0	1	0	0
LAFAY Victor	3	Unibet Rose Rockets	0	0	0	0	0	0	0	0	0	0	0	0	0	0	0	0	0	1	0
RIESEBEEK Oscar	3	Alpecin-Premier Tech	0	0	0	0	1	0	0	0	1	0	0	1	0	0	1	1	0	0	0
THOMAS Benjamin	3	Cofidis	0	0	0	0	0	0	1	0	0	0	0	0	0	1	0	0	0	0	0
RUTSCH Jonas	3	Lotto Intermarché	0	0	0	0	0	0	1	0	1	1	0	1	0	1	0	0	0	0	0
AFFINI Edoardo	3	Team Visma | Lease a Bike	1	0	0	0	0	0	1	0	1	1	1	1	0	1	0	0	0	0	0
BARONCINI Filippo	3	UAE Team Emirates - XRG	0	0	0	0	0	0	0	0	0	0	0	0	0	0	0	1	0	0	0
BJERG Mikkel	3	UAE Team Emirates - XRG	0	0	0	0	0	0	0	0	1	1	1	1	0	1	0	0	0	0	0
PLOWRIGHT Jensen	3	Alpecin-Premier Tech	0	0	0	0	0	1	0	0	0	0	1	0	0	0	0	0	0	0	0
CONSONNI Simone	3	Lidl - Trek	0	0	0	0	0	0	0	1	0	0	0	0	1	0	0	0	0	0	0
DURBRIDGE Luke	3	Team Jayco AlUla	0	0	0	0	0	0	0	1	1	0	1	1	0	1	1	0	0	0	0
MAYRHOFER Marius	3	Tudor Pro Cycling Team	0	0	0	0	0	0	0	0	0	0	0	0	0	1	0	0	0	0	0
FREDHEIM Stian	3	Uno-X Mobility	0	0	0	0	0	0	0	1	0	0	0	0	0	0	0	0	0	0	0
HALLER Marco	3	Tudor Pro Cycling Team	1	1	0	0	0	0	1	0	1	1	0	1	0	1	0	0	0	0	0
HOBBS Noah	3	EF Education - EasyPost	1	1	0	0	0	0	0	0	0	0	0	0	0	0	0	0	0	0	0
RUSSO Clément	3	Groupama - FDJ United	1	1	0	0	0	0	1	0	1	1	1	1	0	1	0	0	0	0	0
DEHAIRS Simon	3	Alpecin-Premier Tech	0	0	1	0	0	0	0	1	0	0	0	0	1	0	1	0	0	0	0
MARCELLUSI Martin	3	Bardiani CSF 7 Saber	0	0	0	1	0	0	1	0	0	0	0	0	0	0	0	0	0	0	0
MEURISSE Xandro	3	Pinarello Q36.5 Pro Cycling Team	1	0	0	1	0	0	1	0	1	0	0	0	0	0	1	1	1	0	0
CONCA Filippo	3	Team Jayco AlUla	0	0	0	0	0	0	0	0	0	0	0	0	0	0	1	1	0	0	0
NERURKAR Lukas	3	EF Education - EasyPost	0	0	0	0	0	0	0	0	0	0	0	0	0	0	0	1	1	0	0
RIVERA Brandon Smith	3	INEOS Grenadiers	0	0	0	1	0	0	0	0	0	0	0	0	0	0	0	0	1	0	0
HAIG Jack	3	INEOS Grenadiers	0	0	0	1	0	0	1	0	0	0	0	0	0	0	0	0	1	0	0
BAGIOLI Andrea	3	Lidl - Trek	0	0	0	1	0	0	1	0	0	0	0	0	0	0	0	0	1	0	0
SOBRERO Matteo	3	Lidl - Trek	0	0	0	1	0	0	1	0	0	0	0	0	0	0	0	0	0	0	0
KONRAD Patrick	3	Lidl - Trek	0	0	0	1	0	0	0	0	0	0	0	0	0	0	0	0	0	0	0
NEILANDS Krists	3	NSN Cycling Team	0	0	0	0	0	0	1	0	0	0	0	0	0	0	0	0	1	0	0
VADER Milan	3	Pinarello Q36.5 Pro Cycling Team	0	0	0	0	0	0	0	0	0	0	0	0	0	0	0	1	1	0	0
CATTANEO Mattia	3	Red Bull - BORA - hansgrohe	0	0	0	1	0	0	1	0	0	0	0	0	0	0	0	0	0	0	0
LECERF Junior	3	Soudal - Quick Step	0	0	0	1	0	0	0	0	0	0	0	0	0	0	0	0	0	0	0
POELS Wout	3	Unibet Rose Rockets	0	0	0	1	0	0	1	0	0	0	0	0	0	0	0	0	0	0	0
EIKING Odd Christian	3	Unibet Rose Rockets	0	0	0	0	0	0	0	0	0	0	0	0	0	0	0	0	0	0	0
JOHANNESSEN Anders Halland	3	Uno-X Mobility	0	0	0	1	0	0	0	0	0	0	0	0	0	0	0	0	1	0	0
BARGUIL Warren	3	Team Picnic PostNL	0	0	0	0	0	0	0	0	0	0	0	0	0	0	0	0	0	0	0
PEDERSEN Casper	3	Soudal - Quick Step	1	0	0	0	0	0	1	0	1	0	1	0	1	0	0	0	0	0	0
PRODHOMME Nicolas	3	Decathlon CMA CGM Team	0	0	0	0	0	0	0	0	0	0	0	0	0	0	0	0	0	0	0
DEBRUYNE Ramses	3	Alpecin-Premier Tech	0	0	0	0	0	0	0	0	0	0	0	0	0	0	0	1	0	0	0
REMIJN Senna	3	Alpecin-Premier Tech	0	0	0	0	0	0	0	0	0	0	0	0	0	0	1	1	1	0	0
OMRZEL Jakob	3	Bahrain - Victorious	0	0	0	0	0	0	0	0	0	0	0	0	0	0	0	0	0	0	0
ARNDT Nikias	3	Bahrain - Victorious	0	0	0	0	0	0	0	0	0	0	0	0	0	0	0	0	1	0	0
HERRADA Jesús	3	Burgos Burpellet BH	0	0	0	0	0	0	0	0	0	0	0	0	0	0	0	0	0	0	0
BARCELÓ Fernando	3	Caja Rural - Seguros RGA	0	0	0	0	0	0	0	0	0	0	0	0	0	0	1	1	1	0	0
PRADES Eduard	3	Caja Rural - Seguros RGA	0	0	0	0	0	0	0	0	0	0	0	0	0	0	1	1	1	0	0
OLDANI Stefano	3	Caja Rural - Seguros RGA	0	0	0	0	0	0	0	0	0	0	0	0	0	0	1	1	1	0	0
BUCHMANN Emanuel	3	Cofidis	0	0	0	0	0	0	0	0	0	0	0	0	0	0	0	0	0	0	0
KNIGHT Oliver	3	Cofidis	0	0	0	0	0	0	0	0	0	0	0	0	0	0	0	0	0	0	0
GHYS Robbe	3	Decathlon CMA CGM Team	0	0	0	0	0	0	0	1	0	0	0	0	0	0	0	0	0	0	0
BISIAUX Léo	3	Decathlon CMA CGM Team	0	0	0	0	0	0	0	0	0	0	0	0	0	0	0	0	0	0	0
STAUNE-MITTET Johannes	3	Decathlon CMA CGM Team	0	0	0	0	0	0	0	0	0	0	0	0	0	0	0	0	0	0	0
GUDMESTAD Tord	3	Decathlon CMA CGM Team	0	0	0	0	0	0	1	1	0	0	0	0	0	0	0	0	0	0	0
SWEENY Harry	3	EF Education - EasyPost	0	0	0	0	0	0	1	0	0	0	0	0	0	0	0	1	1	0	0
RYAN Archie	3	EF Education - EasyPost	0	0	0	0	0	0	0	0	0	0	0	0	0	0	0	1	0	0	0
STEINHAUSER Georg	3	EF Education - EasyPost	0	0	0	0	0	0	0	0	0	0	0	0	0	0	0	0	0	0	0
CEPEDA Jefferson Alexander	3	EF Education - EasyPost	0	0	0	0	0	0	0	0	0	0	0	0	0	0	0	0	0	0	0
BATTISTELLA Samuele	3	EF Education - EasyPost	0	0	0	0	0	0	0	0	0	0	0	0	0	0	0	1	1	1	1
QUINN Sean	3	EF Education - EasyPost	0	0	0	0	0	0	0	0	0	0	0	0	0	0	0	0	0	0	0
SOSA Iván Ramiro	3	Equipo Kern Pharma	0	0	0	0	0	0	0	0	0	0	0	0	0	0	0	0	0	0	0
BERTHET Clément	3	Groupama - FDJ United	0	0	0	0	0	0	0	0	0	0	0	0	0	0	0	0	0	0	0
MOLARD Rudy	3	Groupama - FDJ United	0	0	0	0	0	0	0	0	0	0	0	0	0	0	0	1	1	0	0
ROCHAS Rémy	3	Groupama - FDJ United	0	0	0	0	0	0	0	0	0	0	0	0	0	0	0	0	0	0	0
CAVAGNA Rémi	3	Groupama - FDJ United	0	0	0	0	0	0	0	0	0	0	0	0	0	0	0	0	0	0	0
PACHER Quentin	3	Groupama - FDJ United	0	0	0	0	0	0	1	0	0	0	0	0	0	0	0	1	1	0	0
SVESTAD-BÅRDSENG Embret	3	INEOS Grenadiers	0	0	0	0	0	0	0	0	0	0	0	0	0	0	0	0	0	0	0
DE PLUS Laurens	3	INEOS Grenadiers	0	0	0	0	0	0	0	0	0	0	0	0	0	0	0	0	0	0	0
FOSS Tobias	3	INEOS Grenadiers	0	0	0	0	0	0	0	0	0	0	0	0	0	0	0	0	1	0	0
JUNGELS Bob	3	INEOS Grenadiers	0	0	0	0	0	0	0	0	0	0	0	0	0	0	0	0	0	0	0
VERONA Carlos	3	Lidl - Trek	0	0	0	0	0	0	0	0	0	0	0	0	0	0	0	0	0	0	0
KÄMNA Lennard	3	Lidl - Trek	0	0	0	0	0	0	0	0	0	0	0	0	0	0	0	0	0	0	0
ROTA Lorenzo	3	Lotto Intermarché	0	0	0	0	0	0	1	0	0	0	0	0	0	0	0	0	1	0	0
TAMINIAUX Lionel	3	Lotto Intermarché	0	0	0	0	1	1	0	1	0	0	0	0	0	0	0	0	0	0	0
VAN DER HOORN Taco	3	Lotto Intermarché	0	0	0	0	0	0	0	0	0	0	0	0	0	0	0	0	0	0	0
TESFATSION Natnael	3	Movistar Team	0	0	0	0	0	0	1	0	0	0	0	0	0	0	0	0	1	0	0
GARCÍA PIERNA Raúl	3	Movistar Team	0	0	0	0	0	0	0	0	0	0	0	0	0	0	0	0	1	0	0
ROMO Javier	3	Movistar Team	0	0	0	0	0	0	0	0	0	0	0	0	0	0	0	0	0	0	0
LÓPEZ Juan Pedro	3	Movistar Team	0	0	0	0	0	0	0	0	0	0	0	0	0	0	0	0	0	0	0
FORMOLO Davide	3	Movistar Team	0	0	0	0	0	0	0	0	0	0	0	0	0	0	0	0	0	0	0
CEPEDA Jefferson Alveiro	3	Movistar Team	0	0	0	0	0	0	0	0	0	0	0	0	0	0	0	0	0	0	0
QUINTANA Nairo	3	Movistar Team	0	0	0	0	0	0	0	0	0	0	0	0	0	0	0	0	0	0	0
OLIVEIRA Nelson	3	Movistar Team	0	0	0	0	0	0	0	0	0	0	0	0	0	0	0	0	0	0	0
SÁNCHEZ Pelayo	3	Movistar Team	0	0	0	0	0	0	0	0	0	0	0	0	0	0	0	0	0	0	0
FRIGO Marco	3	NSN Cycling Team	0	0	0	0	0	0	0	0	0	0	0	0	0	0	0	1	1	0	0
STEWART Jake	3	NSN Cycling Team	0	0	0	0	0	0	0	0	0	0	0	0	0	0	0	0	0	0	0
HIRT Jan	3	NSN Cycling Team	0	0	0	0	0	0	0	0	0	0	0	0	0	0	0	0	0	0	0
WILLIAMS Stephen	3	NSN Cycling Team	0	0	0	0	0	0	0	0	0	0	0	0	0	0	0	0	0	0	0
CHRISTEN Fabio	3	Pinarello Q36.5 Pro Cycling Team	0	0	0	0	0	0	0	0	0	0	0	0	0	0	0	1	1	0	0
DE LA CRUZ David	3	Pinarello Q36.5 Pro Cycling Team	0	0	0	0	0	0	0	0	0	0	0	0	0	0	0	0	0	0	0
HOWSON Damien	3	Pinarello Q36.5 Pro Cycling Team	0	0	0	0	0	0	0	0	0	0	0	0	0	0	0	0	0	0	0
FISHER-BLACK Finn	3	Red Bull - BORA - hansgrohe	0	0	0	0	0	0	1	0	0	0	0	0	0	0	0	0	1	0	0
DENZ Nico	3	Red Bull - BORA - hansgrohe	0	0	0	0	0	0	0	0	0	0	0	0	0	0	0	0	1	0	0
RAJOVIĆ Dušan	3	Solution Tech NIPPO Rali	0	0	0	0	0	0	0	0	0	0	0	0	1	0	0	0	0	0	0
CRAS Steff	3	Soudal - Quick Step	0	0	0	0	0	0	0	0	0	0	0	0	0	0	0	0	0	0	0
EENKHOORN Pascal	3	Soudal - Quick Step	0	0	0	0	0	0	0	0	0	0	0	0	1	0	0	1	1	0	0
DOUBLE Paul	3	Team Jayco AlUla	0	0	0	0	0	0	0	0	0	0	0	0	0	0	0	0	0	0	0
ENGELHARDT Felix	3	Team Jayco AlUla	0	0	0	0	0	0	0	0	0	0	0	0	0	0	0	0	0	0	0
BOUWMAN Koen	3	Team Jayco AlUla	0	0	0	0	0	0	0	0	0	0	0	0	0	0	0	0	0	0	1
LONARDI Giovanni	3	Team Polti VisitMalta	0	0	0	0	0	0	1	0	0	0	0	0	0	0	0	0	0	0	0
BEHRENS Niklas	3	Team Visma | Lease a Bike	0	0	0	0	0	0	0	0	0	0	0	0	0	0	0	0	0	0	0
PIGANZOLI Davide	3	Team Visma | Lease a Bike	0	0	0	0	0	0	0	0	0	0	0	0	0	0	0	0	0	0	0
ARMIRAIL Bruno	3	Team Visma | Lease a Bike	0	0	0	0	0	0	0	0	0	0	0	0	0	0	0	0	0	0	0
NORDHAGEN Jørgen	3	Team Visma | Lease a Bike	0	0	0	0	0	0	0	0	0	0	0	0	0	0	0	0	0	0	0
LEMMEN Bart	3	Team Visma | Lease a Bike	0	0	0	0	0	0	0	0	0	0	0	0	0	0	0	0	0	0	0
KELDERMAN Wilco	3	Team Visma | Lease a Bike	0	0	0	0	0	0	0	0	0	0	0	0	0	0	0	0	0	0	0
KRUIJSWIJK Steven	3	Team Visma | Lease a Bike	0	0	0	0	0	0	0	0	0	0	0	0	0	0	0	0	0	0	0
BURGAUDEAU Mathieu	3	TotalEnergies	0	0	0	0	0	0	0	0	0	0	0	0	0	0	0	1	0	0	0
RONDEL Mathys	3	Tudor Pro Cycling Team	0	0	0	0	0	0	0	0	0	0	0	0	0	0	0	0	0	0	0
BRENNER Marco	3	Tudor Pro Cycling Team	0	0	0	0	0	0	0	0	0	0	0	0	0	0	0	0	0	0	0
STORK Florian	3	Tudor Pro Cycling Team	0	0	0	0	0	0	1	0	0	0	0	0	0	0	0	0	0	0	0
ARRIETA Igor	3	UAE Team Emirates - XRG	0	0	0	0	0	0	0	0	0	0	0	0	0	0	0	0	0	0	0
OLIVEIRA Ivo	3	UAE Team Emirates - XRG	0	0	0	0	0	0	0	0	0	0	0	0	0	0	0	0	0	0	0
LAENGEN Vegard Stake	3	UAE Team Emirates - XRG	0	0	0	0	1	1	0	1	0	0	0	0	0	0	0	0	0	0	0
KULSET Johannes	3	Uno-X Mobility	0	0	0	0	0	0	0	0	0	0	0	0	0	0	0	0	0	0	0
KAMP Alexander	3	Uno-X Mobility	0	0	0	0	0	0	0	0	0	0	0	0	0	0	0	0	1	0	0
LÓPEZ Harold Martín	3	XDS Astana Team	0	0	0	0	0	0	0	0	0	0	0	0	0	0	0	0	0	0	0
MALUCELLI Matteo	3	XDS Astana Team	0	0	0	0	0	0	0	0	0	0	0	0	0	0	0	0	0	0	0
TEJADA Harold	3	XDS Astana Team	0	0	0	0	0	0	0	0	0	0	0	0	0	0	0	0	0	0	0
HIGUITA Sergio	3	XDS Astana Team	0	0	0	0	0	0	0	0	0	0	0	0	0	0	0	0	1	0	0
RODRÍGUEZ Cristián	3	XDS Astana Team	0	0	0	0	0	0	0	0	0	0	0	0	0	0	0	0	0	0	0
KOPECKÝ Matyáš	2	Unibet Rose Rockets	1	1	0	0	1	0	0	0	0	1	1	1	0	1	0	0	0	0	0
DONALDSON Robert	2	Team Jayco AlUla	1	1	0	0	0	1	0	1	1	1	1	1	0	1	0	0	0	0	0
DAUPHIN Florian	2	TotalEnergies	0	1	1	0	0	0	0	1	0	1	1	1	1	1	0	0	0	0	0
GRISEL Matys	2	Lotto Intermarché	0	0	1	0	0	0	0	0	1	0	0	0	0	1	0	0	0	0	0
OLIVER Ben	2	Modern Adventure Pro Cycling	0	1	1	0	1	1	0	0	0	0	0	0	0	1	1	0	0	0	0
DARDER Sergi	2	Caja Rural - Seguros RGA	0	0	0	0	1	1	0	0	0	0	0	0	0	0	0	0	0	0	0
BIESTERBOS Frits	2	Team Picnic PostNL	0	1	1	0	1	1	0	0	1	1	0	0	0	1	0	0	1	0	0
MOURIS Wessel	2	Unibet Rose Rockets	0	0	0	0	0	1	0	1	0	1	1	0	0	0	0	0	0	0	0
KOLZE CHANGIZI Sebastian	2	Tudor Pro Cycling Team	0	0	0	0	1	1	0	1	0	1	1	0	0	1	0	0	0	0	0
ERŽEN Žak	2	Bahrain - Victorious	0	0	1	0	1	0	0	1	1	0	1	1	1	1	0	0	0	0	0
VAN HEMELEN Vincent	2	Team Flanders - Baloise	1	0	0	0	1	0	0	0	1	0	0	1	0	0	0	1	1	1	0
VAN TRICHT Floris	2	NSN Cycling Team	0	0	1	0	1	1	0	1	1	0	1	1	0	0	1	0	0	0	0
BAYER Tobias	2	Alpecin-Premier Tech	1	0	0	0	0	1	0	0	1	0	0	0	0	0	0	0	1	0	0
MÜLLER Tobias	2	Unibet Rose Rockets	0	0	0	0	0	1	0	1	0	0	0	0	0	0	1	0	0	0	0
FELDMANN Karsten Larsen	2	Unibet Rose Rockets	1	0	1	0	0	1	0	1	0	0	0	0	0	0	1	0	0	0	0
GEENS Jonas	2	Alpecin-Premier Tech	0	1	1	0	0	0	0	1	0	1	0	1	1	0	0	0	0	0	0
SENTJENS Sente	2	Alpecin-Premier Tech	0	1	0	0	1	1	0	0	0	0	0	0	1	0	1	0	0	0	0
LAMBRECHT Michiel	2	Team Flanders - Baloise	1	0	1	0	1	0	0	0	1	1	0	1	0	1	0	1	1	0	0
BRAZ AFONSO Clément	2	Groupama - FDJ United	0	0	0	1	0	0	1	0	0	0	0	0	0	0	0	0	0	0	0
VANHOOF Ward	2	Team Flanders - Baloise	1	0	1	0	0	0	0	0	0	1	0	1	0	0	1	0	0	0	0
REINDERS Elmar	2	Unibet Rose Rockets	0	1	1	0	0	1	0	1	0	0	0	0	1	0	1	0	0	0	0
MATTIO Pietro	2	Team Visma | Lease a Bike	1	1	1	1	0	0	0	0	0	0	1	0	0	1	0	0	0	0	0
BELMANS Lennert	2	Alpecin-Premier Tech	1	0	0	0	0	1	0	0	0	0	0	0	0	0	0	1	1	0	0
GIDDINGS Joshua	2	Lotto Intermarché	0	0	0	0	1	1	0	1	0	0	0	0	1	1	0	0	0	0	0
RASENBERG Martijn	2	Unibet Rose Rockets	1	1	0	0	1	1	0	0	0	0	0	1	1	1	0	0	0	0	0
STOCKMAN Abram	2	Unibet Rose Rockets	0	0	0	0	0	1	0	1	0	0	0	0	0	0	1	0	1	0	0
MARSMAN Tim	2	Alpecin-Premier Tech	0	0	0	0	0	0	1	1	0	1	0	0	1	0	1	0	0	0	0
GOGL Michael	2	Alpecin-Premier Tech	0	0	0	0	0	0	1	0	1	0	1	1	0	0	0	0	0	0	0
VAN BELLE Loe	2	Team Visma | Lease a Bike	0	0	1	0	0	0	0	0	0	0	0	0	0	0	0	0	0	0	0
GATE Aaron	2	XDS Astana Team	1	1	0	0	1	0	0	1	0	1	1	1	0	1	0	0	0	0	0
BÉVORT Carl-Frederik	2	Uno-X Mobility	1	1	0	0	1	1	0	1	0	0	1	0	0	0	0	0	0	0	0
VADIC Baptiste	2	TotalEnergies	1	1	1	0	1	1	0	0	1	0	0	0	0	0	0	1	0	0	0
RESELL Erik Nordsæter	2	Uno-X Mobility	1	1	0	0	0	0	1	1	0	1	1	1	0	1	0	0	0	0	0
BOICHIS Adrien	2	Red Bull - BORA - hansgrohe	0	0	0	1	0	0	0	0	0	0	0	0	0	0	0	0	0	0	0
DE VRIES Hartthijs	2	Unibet Rose Rockets	0	1	1	0	1	0	1	0	1	1	1	1	0	0	0	0	0	0	0
KOPECKÝ Tomáš	2	Unibet Rose Rockets	1	0	1	0	0	0	1	0	0	1	1	1	0	1	0	0	0	0	0
SORARRAIN Gorka	2	Caja Rural - Seguros RGA	0	0	0	0	1	1	0	0	0	0	0	0	0	0	0	0	0	0	0
ROMMELAERE Iben	2	Tarteletto - Isorex	0	0	0	0	1	0	0	0	0	0	0	0	1	0	0	0	0	0	0
PARISINI Nicolò	2	Pinarello Q36.5 Pro Cycling Team	0	1	0	0	0	1	0	0	0	1	0	0	0	0	0	0	0	0	0
GACHIGNARD Thomas	2	TotalEnergies	1	0	1	0	0	1	0	0	1	1	1	1	0	1	0	0	1	0	0
KOERDT Bjorn	2	Team Picnic PostNL	0	0	0	1	0	0	1	0	1	0	1	0	0	0	0	0	1	0	0
BOULAHOITE Rayan	2	TotalEnergies	0	1	1	0	0	1	0	0	1	0	1	1	1	1	0	0	0	0	0
PEDERSEN Henrik	2	Uno-X Mobility	0	1	0	0	1	1	0	1	0	0	0	0	0	0	0	0	0	0	0
GUALDI Simone	2	Lotto Intermarché	0	0	0	1	0	0	0	0	0	0	0	0	0	0	0	0	0	0	0
JOHANSEN Julius	2	UAE Team Emirates - XRG	1	1	0	0	1	1	0	1	1	1	1	0	0	0	0	0	0	0	0
KELEMEN Petr	2	Tudor Pro Cycling Team	1	1	0	0	0	0	0	1	0	1	1	0	1	1	0	0	0	0	0
CHRISTIAN Sean	2	Modern Adventure Pro Cycling	0	1	1	0	1	0	0	0	0	0	0	0	0	1	1	0	0	0	0
MIKUTIS Aivaras	2	Tudor Pro Cycling Team	1	1	0	0	1	1	0	1	1	0	1	0	1	1	0	0	0	0	0
SUNEKÆR NORSGAARD Mathias	2	Lidl - Trek	0	1	0	0	0	0	1	1	0	1	1	1	0	1	1	0	0	0	0
MORO Manlio	2	Movistar Team	1	1	0	0	0	0	1	0	0	0	0	0	0	0	0	0	0	0	0
BOARDMAN Samuel	2	Modern Adventure Pro Cycling	0	1	1	0	1	1	0	0	0	0	0	0	0	0	0	0	0	0	0
DRIZNERS Jarrad	2	Red Bull - BORA - hansgrohe	1	1	1	0	1	0	0	0	1	1	1	1	0	0	0	0	0	0	0
DE JONG Timo	2	Team Picnic PostNL	1	1	0	0	0	0	0	0	0	0	0	0	0	0	0	0	0	0	0
VERGAERDE Otto	2	Lidl - Trek	1	0	0	0	1	1	0	1	1	0	0	0	0	0	1	0	0	0	0
OTRUBA Jakub	2	Caja Rural - Seguros RGA	0	0	0	0	1	1	0	0	0	0	0	0	0	0	0	0	0	1	1
LEROUX Samuel	2	TotalEnergies	1	1	0	0	0	1	0	1	0	1	1	1	0	1	0	0	0	0	0
RENARD-HAQUIN Henri-François	2	Team Picnic PostNL	1	0	1	0	1	1	0	1	1	0	1	1	0	1	0	0	0	0	0
BASTIAENS Ayco	2	Soudal - Quick Step	0	0	1	0	0	0	0	0	0	0	0	0	0	0	0	0	0	0	0
ROOSEN Timo	2	Team Picnic PostNL	1	1	1	0	1	1	0	0	0	0	0	0	0	0	0	0	0	0	0
HEIDUK Kim	2	INEOS Grenadiers	1	0	0	1	0	0	0	1	1	1	1	1	0	1	0	0	0	0	0
JOHANNINK Jelle	2	Unibet Rose Rockets	0	0	0	1	0	0	1	0	1	0	0	0	0	0	0	1	1	0	0
TONEATTI Davide	2	XDS Astana Team	0	0	0	1	0	0	0	1	1	0	1	0	0	0	0	0	1	0	0
MILAN Matteo	2	Groupama - FDJ United	0	0	1	0	0	1	0	1	0	0	0	0	0	0	0	0	0	0	0
Van den Haute Milan	2	Team Flanders - Baloise	0	0	1	0	0	1	0	1	0	0	1	0	0	0	0	0	0	0	0
VANDENBRANDEN Noah	2	Team Flanders - Baloise	0	0	1	0	0	1	0	1	0	0	0	0	0	1	1	0	0	0	0
MULLEN Ryan	2	NSN Cycling Team	1	1	0	0	0	0	0	1	0	0	0	0	0	1	0	0	0	0	0
GONOV Lev	2	XDS Astana Team	0	1	0	0	1	0	0	0	0	0	0	0	0	0	0	0	0	0	0
MAYER Alexandre	2	Burgos Burpellet BH	1	1	0	0	0	0	0	1	1	0	0	0	0	0	1	1	0	0	0
BOUGLAS Georgios	2	Burgos Burpellet BH	1	1	0	0	0	0	0	1	1	1	0	1	1	0	1	1	0	0	0
DE BUYST Jasper	2	Lotto Intermarché	0	0	0	0	0	0	0	0	0	0	0	0	0	0	0	0	0	0	0
DE POOTER Dries	2	Team Jayco AlUla	1	0	0	0	1	1	0	1	1	0	1	1	0	1	1	0	0	0	0
BALLERSTEDT Maurice	2	Alpecin-Premier Tech	0	0	0	0	0	0	0	0	0	0	0	0	0	0	0	0	0	0	0
CHARRET Camille	2	Cofidis	0	0	0	0	1	1	0	1	0	1	1	0	0	1	1	1	0	0	0
TENE Rotem	2	NSN Cycling Team	0	0	0	0	1	1	0	1	0	0	0	0	1	0	1	0	0	0	0
DEWEIRDT Siebe	2	Team Flanders - Baloise	1	0	0	0	1	1	0	0	1	0	0	0	0	0	0	0	1	0	0
VANDENSTORME Dylan	2	Team Flanders - Baloise	1	0	0	0	1	0	0	0	1	0	1	1	0	0	0	1	0	0	0
VERCOUILLIE Victor	2	Team Flanders - Baloise	1	0	0	0	0	1	0	0	0	1	1	1	0	1	1	0	0	0	0
CORKERY Dillon	2	Team Picnic PostNL	0	0	0	0	0	0	0	0	0	0	1	1	0	1	0	0	0	0	0
URIANSTAD BUGGE Martin	2	Uno-X Mobility	0	0	0	0	1	1	0	0	0	0	0	0	0	0	0	1	0	0	0
CORRES Gorka	2	Caja Rural - Seguros RGA	0	0	0	0	0	0	0	0	0	0	0	0	0	0	0	0	0	0	0
IBÁÑEZ Javier	2	Caja Rural - Seguros RGA	0	0	0	0	1	1	0	0	0	0	0	0	0	0	0	0	0	0	0
Larronde Ellande	2	Caja Rural - Seguros RGA	0	0	0	0	1	1	0	0	0	0	0	0	0	0	0	0	0	0	0
VILLAR Iker	2	Caja Rural - Seguros RGA	0	0	0	0	1	1	0	0	0	0	0	0	0	0	0	0	0	0	0
BOWER Lewis	2	Groupama - FDJ United	0	0	0	0	1	1	0	1	0	0	0	0	0	0	0	0	0	0	0
RAISBERG Nadav	2	NSN Cycling Team	0	0	0	0	1	1	0	1	1	1	0	0	0	0	0	0	0	0	0
VERVENNE Jonathan	2	Soudal - Quick Step	1	0	0	0	1	1	0	1	1	1	0	1	0	1	0	0	0	0	0
MCKENZIE Hamish	2	Team Jayco AlUla	0	0	0	0	1	1	0	0	0	0	0	0	0	1	1	0	0	0	0
KLUCKERS Arthur	2	Tudor Pro Cycling Team	0	0	0	0	0	0	1	0	1	1	0	1	0	0	0	0	0	0	0
SVARRE Tobias	2	Uno-X Mobility	0	0	0	0	1	1	0	0	0	0	0	0	0	0	0	0	0	0	0
MAŁECKI Kamil	2	Pinarello Q36.5 Pro Cycling Team	1	1	0	0	1	0	0	0	1	0	1	1	0	1	1	0	0	0	0
MACÍAS César	2	Burgos Burpellet BH	1	1	0	0	0	0	0	1	0	1	1	1	1	0	1	1	0	0	0
SIMMONS Colby	2	EF Education - EasyPost	1	1	0	0	0	0	0	1	1	1	1	1	0	1	0	0	0	0	0
KESSLER Cole	2	Modern Adventure Pro Cycling	0	1	0	0	1	0	0	0	0	0	0	0	0	1	0	0	0	0	0
HVIDEBERG Jonas Hem	2	Uno-X Mobility	0	1	0	0	1	1	0	0	0	0	0	0	0	0	0	0	0	0	0
INGEBRIGTSEN Storm	2	Uno-X Mobility	0	1	0	0	1	1	0	1	1	0	1	1	0	1	0	0	0	0	0
FLYNN Sean	2	Team Picnic PostNL	1	0	1	0	0	0	0	1	1	1	1	1	0	0	0	0	1	0	0
VAN SINTMAARTENSDIJK Roel	2	Lotto Intermarché	1	0	1	0	1	1	0	1	1	0	1	0	0	0	0	0	0	0	0
MCDONALD Brody	2	Modern Adventure Pro Cycling	0	0	1	0	1	1	0	0	0	0	0	0	0	0	1	0	0	0	0
MOONEN Zeno	2	Tarteletto - Isorex	0	0	1	0	1	1	0	0	0	0	0	0	0	0	0	0	0	0	0
SANTY Arne	2	Tarteletto - Isorex	0	0	1	0	1	1	0	0	0	0	0	0	1	0	1	0	0	0	0
VERMOOTE Jelle	2	Tarteletto - Isorex	0	0	1	0	1	1	0	0	0	0	0	0	0	0	0	0	0	0	0
MARCEROU Nicola	2	TotalEnergies	0	0	1	0	1	0	0	1	1	0	0	0	0	0	0	0	0	0	0
BORGO Alessandro	2	Bahrain - Victorious	0	1	1	0	1	0	1	0	0	1	1	1	0	1	1	1	0	0	0
MAAS Jan	2	Cofidis	0	1	1	0	1	1	0	1	0	0	0	0	0	0	0	0	1	0	0
FONTAINE Titouan	2	Groupama - FDJ United	0	1	1	0	1	1	0	1	0	0	0	0	0	1	0	0	0	0	0
STEWART Mark	2	Modern Adventure Pro Cycling	0	1	1	0	0	0	0	0	0	0	0	0	0	1	0	0	0	0	0
ROLLAND Brieuc	2	Groupama - FDJ United	0	0	0	1	0	0	0	0	0	0	0	0	0	0	0	0	0	0	1
SHMIDT Artem	2	INEOS Grenadiers	1	0	0	1	0	0	0	1	1	0	0	1	0	1	0	0	0	0	0
PALETTI Luca	2	Bardiani CSF 7 Saber	0	0	0	1	0	0	1	0	0	0	0	0	0	0	0	0	0	0	0
ISIDORE Noa	2	Decathlon CMA CGM Team	0	0	0	1	0	0	1	0	0	0	0	0	0	0	0	0	1	0	0
KOCKELMANN Mathieu	2	Lotto Intermarché	0	0	0	0	1	0	0	0	0	0	0	0	0	0	0	0	0	0	0
HERZOG Emil	2	Red Bull - BORA - hansgrohe	0	0	0	1	0	0	0	0	0	0	0	0	0	0	0	0	0	0	0
DHONDT Robbe	2	Team Picnic PostNL	0	0	0	1	0	0	1	0	0	0	0	0	0	0	0	0	0	0	0
REX Tim	2	Team Visma | Lease a Bike	0	0	0	1	0	0	0	0	0	1	0	0	0	0	0	0	0	0	0
SLOCK Liam	2	Lotto Intermarché	0	1	0	1	0	0	1	0	0	0	0	0	0	0	0	0	0	0	0
PRICE-PEJTERSEN Johan	2	Alpecin-Premier Tech	0	0	1	0	0	0	0	0	0	0	0	0	0	0	0	0	0	0	0
Caudell Ezra	2	Modern Adventure Pro Cycling	0	1	1	0	0	1	0	0	0	0	0	0	0	1	1	0	0	0	0
KMÍNEK Vojtěch	2	Burgos Burpellet BH	1	1	0	0	0	0	0	1	1	0	1	0	0	0	1	1	0	0	0
O'BRIEN Kelland	2	Team Jayco AlUla	1	1	0	0	0	0	1	1	1	1	1	1	0	1	0	0	0	0	0
DE PESTEL Sander	2	Decathlon CMA CGM Team	1	1	0	0	0	0	0	1	1	1	1	1	0	1	0	0	0	0	0
FAGÚNDEZ Eric Antonio	2	Burgos Burpellet BH	0	0	0	0	0	0	0	0	1	1	1	1	0	0	0	0	0	0	0
DE LA CALLE Hugo	2	Burgos Burpellet BH	0	0	0	0	0	0	0	0	1	1	1	1	0	0	0	0	0	0	0
ZUKOWSKY Nickolas	2	Pinarello Q36.5 Pro Cycling Team	0	0	0	0	0	0	0	0	1	1	0	1	0	1	0	0	0	0	0
BONNET Thomas	2	TotalEnergies	1	0	0	0	0	0	0	0	0	0	0	0	0	0	0	1	1	0	0
QUARTUCCI Lorenzo	2	Burgos Burpellet BH	0	0	0	0	0	0	0	0	0	0	0	0	0	0	0	0	0	0	0
KUDUS Merhawi	2	Burgos Burpellet BH	0	0	0	0	0	0	0	0	0	0	0	0	0	0	0	0	0	0	0
MOLENAAR Alex	2	Caja Rural - Seguros RGA	0	0	0	0	0	0	0	0	0	0	0	0	0	0	1	1	1	0	1
IZQUIERDO Clément	2	Cofidis	0	0	0	0	0	0	1	0	0	0	0	0	0	1	1	1	0	0	0
SWIFT Ben	2	INEOS Grenadiers	1	0	0	0	0	0	0	0	0	0	0	0	0	0	0	0	0	0	0
GELDERS Gil	2	Soudal - Quick Step	0	0	0	0	1	1	0	0	0	0	0	0	0	0	0	1	0	0	0
STERCK Joppe	2	Tarteletto - Isorex	0	0	0	0	0	0	0	0	0	0	0	0	0	0	1	1	0	0	0
LANHOVE Milan	2	Team Flanders - Baloise	1	0	0	0	1	0	0	0	1	0	0	1	0	0	0	1	1	0	0
BELLETTA Dario Igor	2	Team Polti VisitMalta	0	0	0	0	0	0	1	0	0	0	0	0	0	0	0	0	0	0	0
BYSTRØM Sven Erik	2	Uno-X Mobility	1	0	0	0	0	0	0	0	1	1	0	1	0	1	0	0	0	0	0
VINOKUROV Nicolas	2	XDS Astana Team	0	0	0	0	0	0	1	0	0	0	0	0	0	0	0	0	0	0	0
VAN BEKKUM Darren	2	XDS Astana Team	0	0	0	0	0	0	0	0	0	0	0	0	0	0	0	0	1	0	0
DE VYLDER Lindsay	2	Alpecin-Premier Tech	0	0	0	0	0	0	0	0	0	0	0	0	0	0	0	0	0	0	0
DEBEAUMARCHÉ Nicolas	2	Cofidis	0	0	0	0	0	1	0	0	0	0	0	0	0	0	1	1	0	0	0
MACKELLAR Alastair	2	EF Education - EasyPost	0	0	0	0	0	0	1	0	0	0	0	0	0	1	0	0	0	0	0
SCHWARZBACHER Matthias	2	EF Education - EasyPost	0	0	0	0	0	0	0	1	0	0	1	1	0	1	0	0	0	0	0
VEISTROFFER Baptiste	2	Lotto Intermarché	0	0	0	0	1	0	0	0	0	0	0	0	0	0	0	0	0	0	0
SCALA Hugo	2	Modern Adventure Pro Cycling	0	0	0	0	1	1	0	0	0	0	0	0	1	0	0	0	0	0	0
WRIGHT Paul	2	Modern Adventure Pro Cycling	0	0	0	0	1	1	0	0	0	0	0	0	0	0	1	0	0	0	0
HOUCOU Emmanuel	2	Pinarello Q36.5 Pro Cycling Team	0	0	0	0	0	0	0	0	0	0	0	0	0	0	0	0	0	0	0
THORNLEY Callum	2	Red Bull - BORA - hansgrohe	0	0	0	0	0	0	0	0	0	0	0	0	0	0	0	0	0	0	0
KILLY Jonah	2	Tarteletto - Isorex	0	0	0	0	1	1	0	0	0	0	0	0	1	0	1	1	0	0	0
MARCHAND Gianni	2	Tarteletto - Isorex	0	0	0	0	0	1	0	0	0	0	0	0	0	0	1	1	0	0	0
MARIS Elias	2	Team Flanders - Baloise	0	0	0	0	1	0	0	0	1	0	0	0	0	0	0	1	1	0	0
SÜTTERLIN Jasha	2	Team Jayco AlUla	0	0	0	0	0	0	1	0	1	1	1	1	0	1	1	0	1	0	0
MAESTRI Mirco	2	Team Polti VisitMalta	0	0	0	0	0	0	1	0	0	0	0	0	0	0	0	0	0	0	0
DOULL Owain	2	Team Visma | Lease a Bike	0	0	0	0	0	0	1	0	1	1	0	1	0	1	0	0	0	0	0
LE BERRE Mathis	2	TotalEnergies	0	0	0	0	0	0	0	0	0	0	0	0	0	0	0	0	1	0	0
SU Haoyu	2	XDS Astana Team	0	0	0	0	0	1	0	0	0	0	0	0	0	0	0	0	0	0	0
GRADEK Kamil	2	Bahrain - Victorious	1	1	0	0	0	0	0	1	1	1	1	1	0	1	0	0	0	0	0
CAVIA Daniel	2	Burgos Burpellet BH	1	1	0	0	0	0	0	1	0	1	1	1	1	0	0	0	0	0	0
ALLENO Clément	2	Burgos Burpellet BH	1	1	0	0	0	0	0	0	1	1	1	1	0	0	0	0	0	0	0
BOIVIN Guillaume	2	NSN Cycling Team	1	1	0	0	0	0	0	0	1	1	1	0	0	1	0	0	0	0	0
BURNETT Josh	2	Burgos Burpellet BH	1	1	0	0	0	0	0	0	0	0	0	0	0	0	0	0	0	0	0
DEMAN Brem	2	Team Flanders - Baloise	0	1	0	0	0	0	0	0	0	1	0	1	0	1	0	0	0	0	0
GEERAERTS Ferre	2	Team Flanders - Baloise	0	1	0	0	0	1	0	1	0	1	1	0	1	1	0	0	0	0	0
HESTERS Jules	2	Team Flanders - Baloise	0	1	0	0	0	0	0	1	0	1	1	0	1	1	1	0	0	0	0
MÄRKL Niklas	2	Team Picnic PostNL	0	1	0	0	0	0	0	1	0	1	0	1	1	1	0	0	0	0	0
NABERMAN Tim	2	Team Picnic PostNL	0	1	0	0	0	0	0	1	0	1	0	1	0	0	0	0	0	0	0
BLOEM Joren	2	Unibet Rose Rockets	1	0	1	0	1	0	0	0	0	1	1	1	0	1	0	1	0	0	0
VAN DEN BERG Julius	2	Team Picnic PostNL	1	0	1	0	0	0	0	1	0	1	0	1	1	1	0	0	0	0	0
BRUTTOMESSO Alberto	2	Bahrain - Victorious	0	0	1	0	1	0	0	1	0	0	0	0	0	0	1	0	0	0	0
GRIGNARD Sébastien	2	Lotto Intermarché	1	0	1	0	0	0	0	0	1	1	1	1	1	0	0	0	0	0	0
VANGHELUWE Warre	2	Soudal - Quick Step	0	0	1	0	1	1	0	1	1	0	0	0	0	0	0	0	0	0	0
LAURYSSEN Yorben	2	Tarteletto - Isorex	0	0	1	0	0	1	0	0	0	0	0	0	0	0	0	1	0	0	0
VAN PETEGEM Axandre	2	Tarteletto - Isorex	0	0	1	0	0	0	0	0	0	0	0	0	0	0	0	1	0	0	0
HARTEEL Jelle	2	Tarteletto - Isorex	0	0	1	0	1	0	0	0	0	0	0	0	0	0	0	1	0	0	0
TORNEY Artuur	2	Team Flanders - Baloise	0	1	1	0	0	1	0	1	0	0	1	0	0	0	1	0	0	0	0
THIERRY Pierre	2	TotalEnergies	0	1	1	0	1	0	0	1	0	0	0	0	0	0	0	0	0	0	0
MIHOLJEVIĆ Fran	2	Bahrain - Victorious	0	0	0	0	0	0	1	0	0	0	0	0	0	0	0	0	1	0	0
MÜHLBERGER Gregor	2	Decathlon CMA CGM Team	0	0	0	1	0	0	0	0	0	0	0	0	0	0	0	0	0	0	0
PINARELLO Alessandro	2	NSN Cycling Team	0	0	0	0	0	0	0	0	0	0	0	0	0	0	0	0	0	0	0
MARTÍ Pau	2	NSN Cycling Team	0	0	0	1	0	0	0	0	0	0	0	0	0	0	0	1	1	0	0
HATHERLY Alan	2	Team Jayco AlUla	0	0	0	0	0	0	0	0	0	0	0	0	0	0	0	0	0	0	0
GAFFURI Mattia	2	Team Picnic PostNL	0	0	0	1	0	0	0	0	0	0	0	0	0	0	0	0	0	0	0
THALMANN Roland	2	Tudor Pro Cycling Team	0	0	0	0	0	0	0	0	0	0	0	0	0	0	0	0	0	0	0
GLIVAR Gal	2	Alpecin-Premier Tech	0	0	0	0	0	0	0	0	0	0	0	0	0	0	0	0	1	0	0
DOCKX Aaron	2	Alpecin-Premier Tech	0	0	0	0	0	0	0	0	0	0	0	0	0	0	0	1	0	0	0
MAGLI Filippo	2	Bardiani CSF 7 Saber	0	0	0	1	0	0	0	0	0	0	0	0	0	0	0	0	0	0	0
TOLIO Alex	2	Bardiani CSF 7 Saber	0	0	0	1	0	0	0	0	0	0	0	0	0	0	0	0	0	0	0
Turconi Filippo	2	Bardiani CSF 7 Saber	0	0	0	1	0	0	1	0	0	0	0	0	0	0	0	0	0	0	0
MARTINELLI Alessio	2	Bardiani CSF 7 Saber	0	0	0	1	0	0	0	0	0	0	0	0	0	0	0	0	0	0	0
Stenico Mattia	2	Bardiani CSF 7 Saber	0	0	0	0	0	0	0	0	0	0	0	0	0	0	0	0	0	0	0
L'HOTE Antoine	2	Decathlon CMA CGM Team	0	0	0	1	0	0	0	0	0	0	0	0	0	0	0	0	1	0	0
SHAW James	2	EF Education - EasyPost	0	0	0	1	0	0	0	0	0	0	0	0	0	0	0	0	0	0	0
GENIETS Kevin	2	Groupama - FDJ United	0	0	0	1	0	0	1	0	0	0	0	0	0	0	0	1	1	0	0
DONNENWIRTH Tom	2	Groupama - FDJ United	0	0	0	0	0	0	0	0	0	0	0	0	0	0	0	0	0	0	0
HAMILTON Lucas	2	INEOS Grenadiers	0	0	0	0	0	0	0	1	0	0	0	0	0	0	0	0	1	0	0
MOSCA Jacopo	2	Lidl - Trek	0	0	0	1	0	0	0	0	0	0	0	0	0	0	0	0	1	0	0
FOX Matthew	2	Lotto Intermarché	0	0	0	0	0	0	0	0	0	0	0	0	0	0	1	0	0	0	0
THOMPSON Reuben	2	Lotto Intermarché	0	0	0	1	0	0	0	0	0	0	0	0	0	0	0	0	0	0	0
FANCELLU Alessandro	2	MBH Bank CSB Telecom Fort	0	0	0	0	0	0	0	0	0	0	0	0	0	0	0	0	0	0	0
BUDZIŃSKI Marcin	2	MBH Bank CSB Telecom Fort	0	0	0	1	0	0	0	0	0	0	0	0	0	0	0	0	0	0	0
CRETTI Luca	2	MBH Bank CSB Telecom Fort	0	0	0	0	0	0	0	0	0	0	0	0	0	0	1	0	0	0	0
DINA Márton	2	MBH Bank CSB Telecom Fort	0	0	0	1	0	0	0	0	0	0	0	0	0	0	1	0	0	0	0
NESPOLI Lorenzo	2	MBH Bank CSB Telecom Fort	0	0	0	0	0	0	0	0	0	0	0	0	0	0	0	0	0	0	0
VERRE Alessandro	2	MBH Bank CSB Telecom Fort	0	0	0	0	0	0	0	0	0	0	0	0	0	0	0	0	0	0	0
ZOCCARATO Samuele	2	MBH Bank CSB Telecom Fort	0	0	0	1	0	0	0	0	0	0	0	0	0	0	0	0	0	0	0
PESCADOR Diego	2	Movistar Team	0	0	0	0	0	0	0	0	0	0	0	0	0	0	0	0	0	0	0
NOVÁK Pavel	2	Movistar Team	0	0	0	1	0	0	0	0	0	0	0	0	0	1	0	0	1	0	0
SERRANO Gonzalo	2	Movistar Team	0	0	0	1	0	0	0	1	1	0	1	0	0	1	0	0	1	0	0
TORRES Albert	2	Movistar Team	0	0	0	0	0	0	0	1	1	1	0	1	0	1	0	0	0	0	0
CÔTÉ Pier-André	2	NSN Cycling Team	0	0	0	1	0	0	1	0	0	0	0	0	0	0	0	1	1	0	0
BENNETT George	2	NSN Cycling Team	0	0	0	0	0	0	0	0	0	0	0	0	0	0	0	0	0	0	0
AZPARREN Xabier Mikel	2	Pinarello Q36.5 Pro Cycling Team	0	0	0	0	0	0	1	0	0	0	0	0	0	0	0	1	1	0	0
BAX Sjoerd	2	Pinarello Q36.5 Pro Cycling Team	0	0	0	0	0	0	0	0	0	0	0	0	0	0	0	0	0	0	0
ZWIEHOFF Ben	2	Red Bull - BORA - hansgrohe	0	0	0	1	0	0	0	0	0	0	0	0	0	0	0	0	0	0	0
MOSCON Gianni	2	Red Bull - BORA - hansgrohe	0	0	0	0	0	0	1	0	0	0	0	0	0	0	0	0	0	0	0
BONNEU Kamiel	2	Solution Tech NIPPO Rali	0	0	0	0	0	0	0	0	0	0	0	0	0	0	0	0	0	0	0
ARCHIBOLD Franklin	2	Solution Tech NIPPO Rali	0	0	0	0	0	0	0	0	0	0	0	0	0	0	0	0	0	0	0
BALMER Alexandre	2	Solution Tech NIPPO Rali	0	0	0	1	0	0	0	0	0	0	0	0	0	0	0	0	0	0	0
GRANGER Ben	2	Solution Tech NIPPO Rali	0	0	0	1	0	0	0	0	0	0	0	0	0	0	0	0	0	0	0
IACCHI Alessandro	2	Solution Tech NIPPO Rali	0	0	0	0	0	0	0	0	0	0	0	0	0	0	0	0	0	0	0
NENCINI Tommaso	2	Solution Tech NIPPO Rali	0	0	0	0	0	0	0	0	0	0	0	0	1	0	0	0	0	0	0
PIRAS Andrea	2	Solution Tech NIPPO Rali	0	0	0	0	0	0	0	0	0	0	0	0	0	0	0	0	0	0	0
REINDERINK Pepijn	2	Soudal - Quick Step	1	0	0	1	0	0	1	0	1	0	1	1	0	0	0	1	1	0	0
VERVAEKE Louis	2	Soudal - Quick Step	0	0	0	0	0	0	0	0	0	0	0	0	0	0	0	0	0	0	0
DE PRETTO Davide	2	Team Jayco AlUla	0	0	0	0	0	0	0	0	0	0	0	0	0	0	0	1	1	0	0
DINHAM Matthew	2	Team Picnic PostNL	0	0	0	0	0	0	1	0	0	0	0	0	0	0	0	0	1	0	0
FAURE PROST Alexy	2	Team Picnic PostNL	0	0	0	0	0	0	1	0	0	0	0	0	0	0	0	0	1	0	0
PEACE Oliver	2	Team Picnic PostNL	0	0	0	0	0	0	1	0	1	0	1	1	0	0	0	0	1	0	0
Benito Adrián	2	Team Polti VisitMalta	0	0	0	1	0	0	0	0	0	0	0	0	0	0	0	0	0	0	0
BESSEGA Gabriele	2	Team Polti VisitMalta	0	0	0	0	0	0	0	0	0	0	0	0	0	0	0	0	0	0	0
BUTTIGIEG Aidan	2	Team Polti VisitMalta	0	0	0	0	0	0	0	0	0	0	0	0	0	0	0	0	0	0	0
Giuliano Dario	2	Team Polti VisitMalta	0	0	0	1	0	0	0	0	0	0	0	0	0	0	0	0	0	0	0
MUÑOZ Francisco	2	Team Polti VisitMalta	0	0	0	1	0	0	1	0	0	0	0	0	0	0	0	0	0	0	0
PIETROBON Andrea	2	Team Polti VisitMalta	0	0	0	0	0	0	1	0	0	0	0	0	0	0	0	0	0	0	0
SEVILLA Diego Pablo	2	Team Polti VisitMalta	0	0	0	1	0	0	0	0	0	0	0	0	0	0	0	0	0	0	0
GRAAT Tijmen	2	Team Visma | Lease a Bike	0	0	0	1	0	0	0	0	0	0	0	0	0	0	0	0	0	0	0
VOISARD Yannis	2	Tudor Pro Cycling Team	0	0	0	1	0	0	0	0	0	0	0	0	0	0	0	0	0	0	0
WARBASSE Larry	2	Tudor Pro Cycling Team	0	0	0	1	0	0	0	0	0	0	0	0	0	0	0	0	0	0	0
WEISS Fabian	2	Tudor Pro Cycling Team	0	0	0	0	0	0	0	0	0	0	0	0	0	0	0	0	1	0	0
WILKSCH Hannes	2	Tudor Pro Cycling Team	0	0	0	1	0	0	0	0	0	0	0	0	0	0	0	0	1	0	0
WIRTGEN Luc	2	Tudor Pro Cycling Team	0	0	0	0	0	0	0	0	0	0	0	0	0	0	0	0	0	0	0
CHRISTOPHERSEN Cedrik Bakke	2	Unibet Rose Rockets	0	0	0	1	0	0	0	0	0	0	0	0	0	0	0	1	1	0	0
GELEIJN Owen	2	Unibet Rose Rockets	0	0	0	1	0	0	0	0	1	0	0	0	0	0	0	0	0	0	0
MERIS Sergio	2	Unibet Rose Rockets	0	0	0	1	0	0	1	0	1	0	0	0	0	0	0	0	1	0	0
HOLTER Ådne	2	Uno-X Mobility	0	0	0	1	0	0	1	0	0	0	0	0	0	0	0	1	1	0	0
SKAARSETH Anders	2	Uno-X Mobility	0	0	0	1	0	0	1	0	0	0	0	0	0	0	0	1	1	0	0
SCHRETTL Marco	2	XDS Astana Team	0	0	0	1	0	0	0	0	0	0	0	0	0	0	0	0	0	0	0
Maciejuk Filip	2	Movistar Team	1	1	0	0	0	0	1	1	1	0	1	1	0	1	0	0	1	0	0
SVRČEK Martin	2	Soudal - Quick Step	0	0	1	1	0	0	0	0	0	0	1	0	0	0	0	1	0	0	0
ÁLVAREZ Rodrigo	2	Burgos Burpellet BH	0	0	0	0	0	0	0	1	1	0	1	0	1	0	0	0	0	0	0
ROBEET Ludovic	2	Cofidis	0	0	0	0	0	0	0	0	0	0	0	0	0	0	0	0	0	0	0
CHAMBERLAIN Oscar	2	Decathlon CMA CGM Team	0	0	0	0	0	0	0	0	0	0	0	0	0	0	0	0	0	0	0
HOULE Hugo	2	Alpecin-Premier Tech	0	0	0	0	0	0	0	0	0	0	0	0	0	0	0	0	1	1	1
VERGALLITO Luca	2	Alpecin-Premier Tech	0	0	0	0	0	0	0	0	0	0	0	0	0	0	0	0	0	0	0
ERMAKOV Roman	2	Bahrain - Victorious	0	0	0	0	0	0	1	0	0	0	0	0	0	0	0	0	0	0	0
KEPPLINGER Rainer	2	Bahrain - Victorious	0	0	0	0	0	0	0	0	0	0	0	0	0	0	0	0	0	0	0
PAASSCHENS Mathijs	2	Bahrain - Victorious	0	0	0	0	0	0	0	0	0	0	0	0	0	0	0	0	0	0	0
SKERL Daniel	2	Bahrain - Victorious	0	0	0	0	0	0	0	1	1	1	1	0	0	0	0	0	0	0	0
STOCKWELL Oliver	2	Bahrain - Victorious	0	0	0	0	0	0	0	1	1	1	0	0	0	0	0	0	0	0	0
VAN DER MEULEN Max	2	Bahrain - Victorious	0	0	0	0	0	0	0	0	0	0	0	0	0	0	0	0	0	0	0
ZANONCELLO Enrico	2	Bardiani CSF 7 Saber	0	0	0	0	0	0	0	0	0	0	0	0	0	0	0	0	0	0	0
TSVETKOV Nikita	2	Bardiani CSF 7 Saber	0	0	0	0	0	0	0	0	0	0	0	0	0	0	0	0	0	0	0
COLNAGHI Luca	2	Bardiani CSF 7 Saber	0	0	0	0	0	0	1	0	0	0	0	0	0	0	0	0	0	0	0
CETTOLIN Filippo	2	Bardiani CSF 7 Saber	0	0	0	0	0	0	0	0	0	0	0	0	0	0	0	0	0	0	0
CONFORTI Lorenzo	2	Bardiani CSF 7 Saber	0	0	0	0	0	0	1	0	0	0	0	0	0	0	0	0	0	0	0
COVILI Luca	2	Bardiani CSF 7 Saber	0	0	0	0	0	0	0	0	0	0	0	0	0	0	0	0	0	0	0
CRUZ Edward	2	Bardiani CSF 7 Saber	0	0	0	0	0	0	0	0	0	0	0	0	0	0	0	0	0	0	0
FERRARO Santiago	2	Bardiani CSF 7 Saber	0	0	0	0	0	0	0	0	0	0	0	0	0	0	0	0	0	0	0
HERREÑO Martin Santiago	2	Bardiani CSF 7 Saber	0	0	0	0	0	0	0	0	0	0	0	0	0	0	0	0	0	0	0
MANENTI Marco	2	Bardiani CSF 7 Saber	0	0	0	0	0	0	1	0	0	0	0	0	0	0	0	0	0	0	0
Montagner Andrea	2	Bardiani CSF 7 Saber	0	0	0	0	0	0	0	0	0	0	0	0	0	0	0	0	0	0	0
PINAZZI Mattia	2	Bardiani CSF 7 Saber	0	0	0	0	0	0	0	0	0	0	0	0	0	0	0	0	0	0	0
ROJAS Vicente	2	Bardiani CSF 7 Saber	0	0	0	0	0	0	0	0	0	0	0	0	0	0	0	0	0	0	0
ROSTOVTSEV Sergey	2	Bardiani CSF 7 Saber	0	0	0	0	0	0	0	0	0	0	0	0	0	0	0	0	0	0	0
TAROZZI Manuele	2	Bardiani CSF 7 Saber	0	0	0	0	0	0	1	0	0	0	0	0	0	0	0	0	0	0	0
TURCONI Matteo	2	Bardiani CSF 7 Saber	0	0	0	0	0	0	0	0	0	0	0	0	0	0	0	0	0	0	0
DÍAZ José Manuel	2	Burgos Burpellet BH	0	0	0	0	0	0	0	0	0	0	0	0	0	0	0	0	0	0	0
CHUMIL Sergio Geovani	2	Burgos Burpellet BH	0	0	0	0	0	0	0	0	0	0	0	0	0	0	0	0	0	0	0
SAINBAYAR Jambaljamts	2	Burgos Burpellet BH	0	0	0	0	0	0	0	0	0	1	0	1	0	0	0	0	0	0	0
APARICIO Mario	2	Burgos Burpellet BH	0	0	0	0	0	0	0	0	0	0	0	0	0	0	0	0	0	0	0
Fajardo Adrián	2	Burgos Burpellet BH	0	0	0	0	0	0	0	0	0	0	0	0	0	0	1	1	0	0	0
FAURA José Luis	2	Burgos Burpellet BH	0	0	0	0	0	0	0	0	0	0	0	0	0	0	0	0	0	0	0
FERNÁNDEZ Sinuhé	2	Burgos Burpellet BH	0	0	0	0	0	0	0	0	0	0	0	0	0	0	0	0	0	0	0
GARCÍA PIERNA Carlos	2	Burgos Burpellet BH	0	0	0	0	0	0	0	0	0	0	0	0	0	0	0	0	0	0	0
KOYAMA Tomoya	2	Burgos Burpellet BH	0	0	0	0	0	0	0	1	0	0	0	0	0	0	1	0	0	0	0
OKAMIKA Ander	2	Burgos Burpellet BH	0	0	0	0	0	0	0	0	0	0	0	0	0	0	0	0	0	0	0
REY Martín	2	Burgos Burpellet BH	0	0	0	0	0	0	0	0	0	0	0	0	0	0	0	0	0	0	0
BALDERSTONE Abel	2	Caja Rural - Seguros RGA	0	0	0	0	0	0	0	0	0	0	0	0	0	0	0	0	0	0	0
CASTELLON Jan	2	Caja Rural - Seguros RGA	0	0	0	0	0	0	0	0	0	0	0	0	0	0	0	0	0	0	0
PARRA José Félix	2	Caja Rural - Seguros RGA	0	0	0	0	0	0	0	0	0	0	0	0	0	0	0	0	0	0	0
NICOLAU Joel	2	Caja Rural - Seguros RGA	0	0	0	0	0	0	0	0	0	0	0	0	0	0	0	1	1	0	0
GUARDEÑO Jaume	2	Caja Rural - Seguros RGA	0	0	0	0	0	0	0	0	0	0	0	0	0	0	0	0	0	0	0
ARRIOLABENGOA Julen	2	Caja Rural - Seguros RGA	0	0	0	0	0	0	0	0	0	0	0	0	0	0	0	0	0	0	0
BERWICK Sebastian	2	Caja Rural - Seguros RGA	0	0	0	0	0	0	0	0	0	0	0	0	0	0	0	0	0	0	0
BOU Joan	2	Caja Rural - Seguros RGA	0	0	0	0	0	0	0	0	0	0	0	0	0	0	0	0	1	0	0
DÍAZ Alex	2	Caja Rural - Seguros RGA	0	0	0	0	0	0	0	0	0	0	0	0	0	0	0	0	0	0	0
FERNÁNDEZ Samuel	2	Caja Rural - Seguros RGA	0	0	0	0	0	0	0	0	0	0	0	0	0	0	0	0	0	0	0
LÓPEZ Joseba	2	Caja Rural - Seguros RGA	0	0	0	0	0	0	0	0	0	0	0	0	0	0	1	1	1	0	0
Lospitao Pablo	2	Caja Rural - Seguros RGA	0	0	0	0	0	0	0	0	0	0	0	0	0	0	0	0	0	0	0
PEÑUELA Francisco Joel	2	Caja Rural - Seguros RGA	0	0	0	0	0	0	0	0	0	0	0	0	0	0	0	0	0	0	0
MONIQUET Sylvain	2	Cofidis	0	0	0	0	0	0	0	0	0	0	0	0	0	0	0	0	0	0	0
MAISONOBE Sam	2	Cofidis	0	0	0	0	0	0	0	0	0	0	0	0	0	0	0	1	1	0	0
ROULAND Louis	2	Cofidis	0	0	0	0	0	0	0	0	0	0	0	0	0	0	0	0	0	0	0
CARR Simon	2	Cofidis	0	0	0	0	0	0	0	0	0	0	0	0	0	0	0	0	0	0	0
FERRON Valentin	2	Cofidis	0	0	0	0	0	0	1	0	0	0	0	0	0	0	1	1	0	0	0
JOALLAND Yaël	2	Cofidis	0	0	0	0	0	0	0	0	0	0	0	0	0	0	0	0	0	0	0
MEEHAN Jamie	2	Cofidis	0	0	0	0	0	0	0	0	0	0	0	0	0	0	0	0	0	0	0
OURSELIN Paul	2	Cofidis	0	0	0	0	0	0	1	0	0	0	0	0	0	0	0	0	1	0	0
SAMITIER Sergio	2	Cofidis	0	0	0	0	0	0	0	0	0	0	0	0	0	0	0	0	0	0	0
TOUZÉ Damien	2	Cofidis	0	0	0	0	0	0	0	0	0	0	0	0	0	0	0	0	0	0	0
ZAMPERINI Edoardo	2	Cofidis	0	0	0	0	0	0	1	0	0	1	1	1	1	0	0	0	0	0	0
SCOTSON Callum	2	Decathlon CMA CGM Team	0	0	0	0	0	0	0	0	0	0	0	0	0	0	0	0	0	0	0
POLLEFLIET Gianluca	2	Decathlon CMA CGM Team	0	0	0	0	0	0	0	1	0	0	0	0	0	0	0	0	1	0	0
LEONARD Michael	2	EF Education - EasyPost	0	0	0	0	0	0	0	0	0	0	0	0	0	0	0	0	0	0	0
BELOKI Markel	2	EF Education - EasyPost	0	0	0	0	0	0	0	0	0	0	0	0	0	0	0	0	0	0	0
RAFFERTY Darren	2	EF Education - EasyPost	0	0	0	0	0	0	0	0	0	0	0	0	0	0	0	0	0	0	0
VAN DER LEE Jardi Christiaan	2	EF Education - EasyPost	0	0	0	0	0	0	0	0	0	0	0	0	0	0	0	0	0	0	0
WALKER Max	2	EF Education - EasyPost	0	0	0	0	0	0	0	0	1	1	1	1	0	1	0	0	0	0	0
COBO Iván	2	Equipo Kern Pharma	0	0	0	0	0	0	0	0	0	0	0	0	0	0	0	0	0	0	0
BERRADE Urko	2	Equipo Kern Pharma	0	0	0	0	0	0	0	0	0	0	0	0	0	0	0	0	0	0	0
IRIBAR Unai	2	Equipo Kern Pharma	0	0	0	0	0	0	0	0	0	0	0	0	0	0	0	0	0	0	0
RUIZ Ibon	2	Equipo Kern Pharma	0	0	0	0	0	0	0	0	0	0	0	0	0	0	0	0	0	0	0
AZANZA Ibai	2	Equipo Kern Pharma	0	0	0	0	0	0	0	0	0	0	0	0	0	0	0	0	0	0	0
AZNAR Hugo	2	Equipo Kern Pharma	0	0	0	0	0	0	0	0	0	0	0	0	0	0	0	0	0	0	0
BRUSTENGA Marc	2	Equipo Kern Pharma	0	0	0	0	0	0	0	0	0	0	0	0	0	0	0	0	0	0	0
CARRASCOSA Pablo	2	Equipo Kern Pharma	0	0	0	0	0	0	0	0	0	0	0	0	0	0	0	0	0	0	0
ELOSEGUI Iñigo	2	Equipo Kern Pharma	0	0	0	0	0	0	0	0	0	0	0	0	0	0	0	0	0	0	0
GIMENO Nil	2	Equipo Kern Pharma	0	0	0	0	0	0	0	0	0	0	0	0	0	0	0	0	0	0	0
Gomez Iker	2	Equipo Kern Pharma	0	0	0	0	0	0	0	0	0	0	0	0	0	0	0	0	0	0	0
GUTIÉRREZ Jorge	2	Equipo Kern Pharma	0	0	0	0	0	0	0	0	0	0	0	0	0	0	0	0	0	0	0
HO Yen Yi	2	Equipo Kern Pharma	0	0	0	0	0	0	0	0	0	0	0	0	0	0	0	0	0	0	0
MARTÍN José María	2	Equipo Kern Pharma	0	0	0	0	0	0	0	0	0	0	0	0	0	0	0	0	0	0	0
PÉREZ César	2	Equipo Kern Pharma	0	0	0	0	0	0	0	0	0	0	0	0	0	0	0	0	0	0	0
Ramos Unai	2	Equipo Kern Pharma	0	0	0	0	0	0	0	0	0	0	0	0	0	0	0	0	0	0	0
RETEGI Mikel	2	Equipo Kern Pharma	0	0	0	0	0	0	0	0	0	0	0	0	0	0	0	0	0	0	0
SOTO Antonio Jesús	2	Equipo Kern Pharma	0	0	0	0	0	0	0	0	0	0	0	0	0	0	0	0	0	0	0
URIARTE Diego	2	Equipo Kern Pharma	0	0	0	0	0	0	0	0	0	0	0	0	0	0	0	0	0	0	0
WENZEL Mats	2	Equipo Kern Pharma	0	0	0	0	0	0	0	0	0	0	0	0	0	0	0	0	0	0	0
BERASATEGI Xabier	2	Euskaltel - Euskadi	0	0	0	0	0	0	0	0	0	0	0	0	0	0	0	0	0	0	0
AGIRRE Jon	2	Euskaltel - Euskadi	0	0	0	0	0	0	0	0	0	0	0	0	0	0	0	0	0	0	0
VAN DER TUUK Axel	2	Euskaltel - Euskadi	0	0	0	0	0	0	0	0	0	0	0	0	0	0	0	0	0	0	0
JUARISTI Txomin	2	Euskaltel - Euskadi	0	0	0	0	0	0	0	0	0	0	0	0	0	0	0	0	0	0	0
AGUIRRE Yago	2	Euskaltel - Euskadi	0	0	0	0	0	0	0	0	0	0	0	0	0	0	0	0	0	0	0
ALUSTIZA Nicolás	2	Euskaltel - Euskadi	0	0	0	0	0	0	0	0	0	0	0	0	0	0	0	0	0	0	0
AZNAR Unai	2	Euskaltel - Euskadi	0	0	0	0	0	0	0	0	0	0	0	0	0	0	0	0	0	0	0
BIZKARRA Mikel	2	Euskaltel - Euskadi	0	0	0	0	0	0	0	0	0	0	0	0	0	0	0	0	0	0	0
Fernandez Heres Samuel	2	Euskaltel - Euskadi	0	0	0	0	0	0	0	0	0	0	0	0	0	0	0	0	0	0	0
GANZABAL Ander	2	Euskaltel - Euskadi	0	0	0	0	0	0	0	0	0	0	0	0	0	0	0	0	0	0	0
HENNEQUIN Paul	2	Euskaltel - Euskadi	0	0	0	0	0	0	0	0	0	0	0	0	0	0	0	0	0	0	0
ISASA Xabier	2	Euskaltel - Euskadi	0	0	0	0	0	0	0	0	0	0	0	0	0	0	0	0	0	0	0
LASTRA Jonathan	2	Euskaltel - Euskadi	0	0	0	0	0	0	0	0	0	0	0	0	0	0	0	0	0	0	0
LÓPEZ Jordi	2	Euskaltel - Euskadi	0	0	0	0	0	0	0	0	0	0	0	0	0	0	0	0	0	0	0
MARTÍN Gotzon	2	Euskaltel - Euskadi	0	0	0	0	0	0	0	0	0	0	0	0	0	0	0	0	0	0	0
MINTEGI Iker	2	Euskaltel - Euskadi	0	0	0	0	0	0	0	0	0	0	0	0	0	0	0	0	0	0	0
MURGUIALDAY Jokin	2	Euskaltel - Euskadi	0	0	0	0	0	0	0	0	0	0	0	0	0	0	0	0	0	0	0
SUTTON Louis	2	Euskaltel - Euskadi	0	0	0	0	0	0	0	0	0	0	0	0	0	0	0	0	0	0	0
Ugarte Gari	2	Euskaltel - Euskadi	0	0	0	0	0	0	0	0	0	0	0	0	0	0	0	0	0	0	0
VAN DER TUUK Danny	2	Euskaltel - Euskadi	0	0	0	0	0	0	0	0	0	0	0	0	0	0	0	0	0	0	0
DECOMBLE Maxime	2	Groupama - FDJ United	0	0	0	0	0	0	0	0	0	0	0	0	0	0	0	0	0	0	0
KENCH Josh	2	Groupama - FDJ United	0	0	0	0	0	0	0	0	0	0	0	0	0	0	0	0	0	0	0
LE GAC Olivier	2	Groupama - FDJ United	0	0	0	0	0	0	0	0	0	0	0	0	0	0	0	0	0	0	0
PALENI Enzo	2	Groupama - FDJ United	0	0	0	0	0	0	0	0	0	0	0	0	0	0	0	0	1	0	0
AUGUST Andrew	2	INEOS Grenadiers	0	0	0	0	0	0	0	0	0	0	0	0	0	0	0	0	0	0	0
ØXENBERG Peter	2	INEOS Grenadiers	0	0	0	0	0	0	0	0	0	0	0	0	0	0	0	0	0	0	0
RODRÍGUEZ Óscar	2	INEOS Grenadiers	0	0	0	0	0	0	0	0	0	0	0	0	0	0	0	0	0	0	0
BERNARD Julien	2	Lidl - Trek	0	0	0	0	0	0	0	0	0	0	0	0	0	0	0	0	0	0	0
GHEBREIGZABHIER Amanuel	2	Lidl - Trek	0	0	0	0	0	0	0	0	0	0	0	0	0	0	0	0	0	0	0
OOMEN Sam	2	Lidl - Trek	0	0	0	0	0	0	0	0	0	0	0	0	0	0	0	0	0	0	0
CRAPS Lars	2	Lotto Intermarché	0	0	0	0	0	0	0	0	0	0	0	0	0	0	0	0	0	0	0
ORINS Robin	2	Lotto Intermarché	0	0	0	0	0	0	0	1	0	0	0	0	0	0	1	0	1	0	0
AMBROSINI Matteo	2	MBH Bank CSB Telecom Fort	0	0	0	0	0	0	0	0	0	0	0	0	0	0	0	0	0	0	0
BAGATIN Christian	2	MBH Bank CSB Telecom Fort	0	0	0	0	0	0	0	0	0	0	0	0	0	0	0	0	0	0	0
BRACALENTE Diego	2	MBH Bank CSB Telecom Fort	0	0	0	0	0	0	0	0	0	0	0	0	0	0	0	0	0	0	0
BURATTI Nicolò	2	MBH Bank CSB Telecom Fort	0	0	0	0	0	0	0	0	0	0	0	0	0	0	0	0	0	0	0
CHESINI Cesare	2	MBH Bank CSB Telecom Fort	0	0	0	0	0	0	0	0	0	0	0	0	0	0	1	0	0	0	0
CIPOLLINI Edoardo	2	MBH Bank CSB Telecom Fort	0	0	0	0	0	0	0	0	0	0	0	0	0	0	0	0	0	0	0
GRUSZCZYNSKI Filip	2	MBH Bank CSB Telecom Fort	0	0	0	0	0	0	0	0	0	0	0	0	0	0	0	0	0	0	0
MAKRAI Bálint	2	MBH Bank CSB Telecom Fort	0	0	0	0	0	0	0	0	0	0	0	0	0	0	0	0	0	0	0
MASCIARELLI Lorenzo	2	MBH Bank CSB Telecom Fort	0	0	0	0	0	0	0	0	0	0	0	0	0	0	0	0	0	0	0
MASNADA Fausto	2	MBH Bank CSB Telecom Fort	0	0	0	0	0	0	0	0	0	0	0	0	0	0	0	0	0	0	0
PEÁK Barnabás	2	MBH Bank CSB Telecom Fort	0	0	0	0	0	0	0	0	0	0	0	0	0	0	1	0	0	0	0
PERSICO Davide	2	MBH Bank CSB Telecom Fort	0	0	0	0	0	0	0	0	0	0	0	0	0	0	1	0	0	0	0
TAKÁCS Zsombor Tamás	2	MBH Bank CSB Telecom Fort	0	0	0	0	0	0	0	0	0	0	0	0	0	0	1	0	0	0	0
VALENT Márk	2	MBH Bank CSB Telecom Fort	0	0	0	0	0	0	0	0	0	0	0	0	0	0	0	0	0	0	0
DE BOD Stefan	2	Modern Adventure Pro Cycling	0	0	0	0	0	0	0	0	0	0	0	0	0	0	0	0	0	0	0
MUNTON Byron	2	Modern Adventure Pro Cycling	0	0	0	0	0	0	0	0	0	0	0	0	0	0	0	0	0	0	0
CARPENTER Robin	2	Modern Adventure Pro Cycling	0	0	0	0	0	0	0	0	0	0	0	0	1	1	1	0	0	0	0
FLÓREZ Samuel	2	Modern Adventure Pro Cycling	0	0	0	0	0	0	0	0	0	0	0	0	0	0	0	0	0	0	0
HAUG Kieran	2	Modern Adventure Pro Cycling	0	0	0	0	0	0	0	0	0	0	0	0	0	0	0	0	0	0	0
HAYTER Leo	2	Modern Adventure Pro Cycling	0	0	0	0	0	0	0	0	0	0	0	0	0	0	0	0	0	0	0
Lasker Harry	2	Modern Adventure Pro Cycling	0	0	0	0	0	0	0	0	0	0	0	0	0	0	0	0	0	0	0
LÓPEZ Ian	2	Modern Adventure Pro Cycling	0	0	0	0	0	0	0	0	0	0	0	0	0	0	0	0	0	0	0
MCGILL Scott	2	Modern Adventure Pro Cycling	0	0	0	0	0	1	0	0	0	0	0	0	0	0	1	0	0	0	0
STITES Tyler	2	Modern Adventure Pro Cycling	0	0	0	0	0	0	0	0	0	0	0	0	0	0	0	0	0	0	0
TOWERS Lucas	2	Modern Adventure Pro Cycling	0	0	0	0	0	0	0	0	0	0	0	0	0	0	0	0	0	0	0
ARCAS Jorge	2	Movistar Team	0	0	0	0	0	0	0	0	0	0	0	0	0	0	0	0	0	0	0
HESSMANN Michel	2	Movistar Team	0	0	0	0	0	0	0	0	0	0	0	0	0	0	0	0	0	0	0
GILMORE Brady	2	NSN Cycling Team	0	0	0	0	0	0	0	0	0	0	0	0	0	0	0	1	1	0	0
SMITH Dion	2	NSN Cycling Team	0	0	0	0	0	0	1	0	0	0	0	1	0	0	0	0	0	0	0
DONOVAN Mark	2	Pinarello Q36.5 Pro Cycling Team	0	0	0	1	0	0	1	0	0	0	0	0	0	0	0	0	0	0	0
GLOAG Thomas	2	Pinarello Q36.5 Pro Cycling Team	0	0	0	0	0	0	0	0	0	0	0	0	0	0	0	0	0	0	0
BADILATTI Matteo	2	Pinarello Q36.5 Pro Cycling Team	0	0	0	0	0	0	0	0	0	0	0	0	0	0	0	0	0	0	0
CALZONI Walter	2	Pinarello Q36.5 Pro Cycling Team	0	0	0	0	0	0	0	0	0	0	0	0	0	0	0	0	0	0	0
CAMPRUBÍ Marcel	2	Pinarello Q36.5 Pro Cycling Team	0	0	0	0	0	0	1	0	0	0	0	0	0	0	0	1	1	0	0
PIDCOCK Joseph	2	Pinarello Q36.5 Pro Cycling Team	0	0	0	0	1	1	0	0	0	0	0	0	0	0	0	0	0	0	0
VANHOUCKE Harm	2	Pinarello Q36.5 Pro Cycling Team	0	0	0	0	0	0	0	0	0	0	0	0	0	0	0	0	0	0	0
HAJEK Alexander	2	Red Bull - BORA - hansgrohe	0	0	0	0	0	0	0	0	0	0	0	0	0	0	0	0	0	0	0
ALEOTTI Giovanni	2	Red Bull - BORA - hansgrohe	0	0	0	0	0	0	0	0	0	0	0	0	0	0	0	0	0	0	0
TUCKWELL Luke	2	Red Bull - BORA - hansgrohe	0	0	0	0	0	0	0	0	0	0	0	0	0	0	0	0	0	0	0
WANDAHL Frederik	2	Red Bull - BORA - hansgrohe	0	0	0	0	0	0	0	0	0	0	0	0	0	0	0	0	0	0	0
ARASHIRO Yukiya	2	Solution Tech NIPPO Rali	0	0	0	0	0	0	0	0	0	0	0	0	1	0	0	0	0	0	0
CONTI Valerio	2	Solution Tech NIPPO Rali	0	0	0	0	0	0	0	0	0	0	0	0	0	0	0	0	0	0	0
ĐURIĆ Đorđe	2	Solution Tech NIPPO Rali	0	0	0	0	0	0	0	0	0	0	0	0	0	0	0	0	0	0	0
FABBRO Matteo	2	Solution Tech NIPPO Rali	0	0	0	0	0	0	0	0	0	0	0	0	0	0	0	0	0	0	0
FINKŠT Tilen	2	Solution Tech NIPPO Rali	0	0	0	0	0	0	0	0	0	0	0	0	1	0	0	0	0	0	0
GAZZOLI Michele	2	Solution Tech NIPPO Rali	0	0	0	0	0	0	0	0	0	0	0	0	1	0	0	0	0	0	0
GONZÁLEZ Roberto Carlos	2	Solution Tech NIPPO Rali	0	0	0	0	0	0	0	0	0	0	0	0	0	0	0	0	0	0	0
MEO Felix James	2	Solution Tech NIPPO Rali	0	0	0	0	0	0	0	0	0	0	0	0	0	0	0	0	0	0	0
REGNANTI Matteo	2	Solution Tech NIPPO Rali	0	0	0	0	0	0	0	0	0	0	0	0	0	0	0	0	0	0	0
SAMUDIO Carlos	2	Solution Tech NIPPO Rali	0	0	0	0	0	0	0	0	0	0	0	0	0	0	0	0	0	0	0
UMBA Santiago	2	Solution Tech NIPPO Rali	0	0	0	0	0	0	0	0	0	0	0	0	0	0	0	0	0	0	0
VERRANDO Luca	2	Solution Tech NIPPO Rali	0	0	0	0	0	0	0	0	0	0	0	0	0	0	0	0	0	0	0
VIVIANI Attilio	2	Solution Tech NIPPO Rali	0	0	0	0	0	0	0	0	0	0	0	0	0	0	0	0	0	0	0
BAUWENS Siebe	2	Tarteletto - Isorex	0	0	0	0	0	0	0	0	0	0	0	0	0	0	1	0	0	0	0
LEFEVRE Fabrice	2	Tarteletto - Isorex	0	0	0	0	0	0	0	0	0	0	0	0	0	0	1	0	0	0	0
TEUGELS Lennert	2	Tarteletto - Isorex	0	0	0	0	0	0	0	0	0	0	0	0	0	0	0	1	0	0	0
VANHEEL Elias	2	Tarteletto - Isorex	0	0	0	0	0	0	0	0	0	0	0	0	0	0	0	0	0	0	0
DENS Tuur	2	Team Flanders - Baloise	0	0	0	0	0	0	0	0	0	0	0	0	0	0	0	0	0	0	0
VANDENABEELE Henri	2	Team Flanders - Baloise	0	0	0	0	0	0	0	0	0	0	0	0	0	0	0	1	1	0	0
GAMPER Patrick	2	Team Jayco AlUla	0	0	0	0	0	0	0	0	0	0	0	0	0	0	0	0	0	0	0
HELLEMOSE Asbjørn	2	Team Jayco AlUla	0	0	0	0	0	0	0	0	0	0	0	0	0	0	0	1	1	0	0
JUUL-JENSEN Christopher	2	Team Jayco AlUla	0	0	0	0	0	0	1	0	0	0	0	0	0	0	0	0	0	0	0
PICKERING Finlay	2	Team Jayco AlUla	0	0	0	0	0	0	0	0	0	0	0	0	0	0	0	0	0	0	0
PORTER Rudy	2	Team Jayco AlUla	0	0	0	0	0	0	0	0	0	0	0	0	0	0	0	0	0	0	0
ARMITT Hamish	2	Team Novo Nordisk	0	0	0	0	0	0	1	0	0	0	0	0	0	0	0	0	0	0	0
BEADLE Hamish	2	Team Novo Nordisk	0	0	0	0	0	0	0	0	0	0	0	0	0	0	0	0	0	0	0
BRAND Sam	2	Team Novo Nordisk	0	0	0	0	0	0	1	0	0	0	0	0	0	0	0	0	0	0	0
Colladon Jacopo	2	Team Novo Nordisk	0	0	0	0	0	0	0	0	0	0	0	0	0	0	0	0	0	0	0
DAUGE Lucas	2	Team Novo Nordisk	0	0	0	0	0	0	0	0	0	0	0	0	0	0	0	0	0	0	0
DE GRAEVE Quinten	2	Team Novo Nordisk	0	0	0	0	0	0	0	0	0	0	0	0	0	0	0	0	0	0	0
IRVINE Declan	2	Team Novo Nordisk	0	0	0	0	0	0	0	0	0	0	0	0	0	0	0	0	0	0	0
Lopez Juan Jose	2	Team Novo Nordisk	0	0	0	0	0	0	0	0	0	0	0	0	0	0	0	0	0	0	0
LOZANO David	2	Team Novo Nordisk	0	0	0	0	0	0	1	0	0	0	0	0	0	0	0	0	0	0	0
Mackie Donovan	2	Team Novo Nordisk	0	0	0	0	0	0	0	0	0	0	0	0	0	0	0	0	0	0	0
MCDONALD Bailey	2	Team Novo Nordisk	0	0	0	0	0	0	0	0	0	0	0	0	0	0	0	0	0	0	0
MULLER Anton	2	Team Novo Nordisk	0	0	0	0	0	0	0	0	0	0	0	0	0	0	0	0	0	0	0
PERON Andrea	2	Team Novo Nordisk	0	0	0	0	0	0	1	0	0	0	0	0	0	0	0	0	0	0	0
POLGA Antonio	2	Team Novo Nordisk	0	0	0	0	0	0	1	0	0	0	0	0	0	0	0	0	0	0	0
POLI Umberto	2	Team Novo Nordisk	0	0	0	0	0	0	1	0	0	0	0	0	0	0	0	0	0	0	0
Posnic Louis-Marie	2	Team Novo Nordisk	0	0	0	0	0	0	0	0	0	0	0	0	0	0	0	0	0	0	0
RIDOLFO Filippo	2	Team Novo Nordisk	0	0	0	0	0	0	1	0	0	0	0	0	0	0	0	0	0	0	0
SMITH Nathan	2	Team Novo Nordisk	0	0	0	0	0	0	0	0	0	0	0	0	0	0	0	0	0	0	0
Terrier Lucas	2	Team Novo Nordisk	0	0	0	0	0	0	0	0	0	0	0	0	0	0	0	0	0	0	0
WATTELLE Célestin	2	Team Novo Nordisk	0	0	0	0	0	0	0	0	0	0	0	0	0	0	0	0	0	0	0
MARTINEZ Juan Guillermo	2	Team Picnic PostNL	0	0	0	0	0	0	0	0	0	0	0	0	0	0	0	0	0	0	0
HAMILTON Chris	2	Team Picnic PostNL	0	0	0	0	0	0	0	0	0	0	0	0	0	0	0	0	0	0	0
KNOX James	2	Team Picnic PostNL	0	0	0	0	0	0	0	0	0	0	0	0	0	0	0	0	0	0	0
LEEMREIZE Gijs	2	Team Picnic PostNL	0	0	0	0	0	0	0	0	0	0	0	0	0	0	0	0	0	0	0
WELTEN Bram	2	Team Picnic PostNL	0	0	0	0	0	0	0	0	0	0	0	0	0	0	0	0	0	0	0
PEÑALVER Manuel	2	Team Polti VisitMalta	0	0	0	0	0	0	0	0	0	0	0	0	0	0	0	0	0	0	0
CRESCIOLI Ludovico	2	Team Polti VisitMalta	0	0	0	0	0	0	0	0	0	0	0	0	0	0	0	0	0	0	0
TERCERO Fernando	2	Team Polti VisitMalta	0	0	0	0	0	0	0	0	0	0	0	0	0	0	0	0	0	0	0
BAIS Davide	2	Team Polti VisitMalta	0	0	0	0	0	0	0	0	0	0	0	0	0	0	0	0	0	0	0
GÓMEZ Germán Darío	2	Team Polti VisitMalta	0	0	0	0	0	0	0	0	0	0	0	0	0	0	0	0	0	0	0
BAIS Mattia	2	Team Polti VisitMalta	0	0	0	0	0	0	1	0	0	0	0	0	0	0	0	0	0	0	0
BESSEGA Tommaso	2	Team Polti VisitMalta	0	0	0	0	0	0	0	0	0	0	0	0	0	0	0	0	0	0	0
Crozzolo Fabrizio	2	Team Polti VisitMalta	0	0	0	0	0	0	0	0	0	0	0	0	0	0	0	0	0	0	0
GARCÍA Pablo	2	Team Polti VisitMalta	0	0	0	0	0	0	0	0	0	0	0	0	0	0	0	0	0	0	0
MIFSUD Andrea	2	Team Polti VisitMalta	0	0	0	0	0	0	0	0	0	0	0	0	0	0	0	0	0	0	0
PESENTI Thomas	2	Team Polti VisitMalta	0	0	0	0	0	0	0	0	0	0	0	0	0	0	0	0	0	0	0
RACCAGNI Gabriele	2	Team Polti VisitMalta	0	0	0	0	0	0	1	0	0	0	0	0	0	0	0	0	0	0	0
SERRANO Javier	2	Team Polti VisitMalta	0	0	0	0	0	0	0	0	0	0	0	0	0	0	0	0	0	0	0
TONELLI Alessandro	2	Team Polti VisitMalta	0	0	0	0	0	0	0	0	0	0	0	0	0	0	0	0	0	0	0
SCHIFFER Anton	2	Team Visma | Lease a Bike	0	0	0	0	0	0	0	0	0	0	0	0	0	0	0	0	0	0	0
HUISING Menno	2	Team Visma | Lease a Bike	0	0	0	0	0	0	0	0	0	0	0	0	0	0	0	0	1	0	0
DELBOVE Joris	2	TotalEnergies	0	0	0	0	0	0	0	0	0	0	0	0	0	0	0	0	1	0	0
VERCHER Mattéo	2	TotalEnergies	0	0	0	0	0	0	0	0	0	0	0	0	0	0	0	1	0	0	0
DOUBEY Fabien	2	TotalEnergies	0	0	0	0	0	0	0	0	0	0	0	0	0	0	0	0	0	0	0
BREUILLARD Nicolas	2	TotalEnergies	0	0	0	0	0	0	0	0	0	0	0	0	0	0	0	0	0	0	0
BOUCHARD Geoffrey	2	TotalEnergies	0	0	0	0	0	0	0	0	0	0	0	0	0	0	0	0	0	0	0
GRELLIER Fabien	2	TotalEnergies	0	0	0	0	0	0	0	0	0	0	0	0	0	0	0	0	0	0	0
GUERNALEC Thibault	2	TotalEnergies	0	0	0	0	0	0	0	0	0	0	0	0	0	0	0	0	0	0	0
JOUSSEAUME Alan	2	TotalEnergies	0	0	0	0	0	0	0	0	0	0	0	0	0	0	0	1	0	0	0
LÉVÊQUE Theo	2	TotalEnergies	0	0	0	0	0	0	0	0	0	0	0	0	0	0	0	0	0	0	0
RETAILLEAU Valentin	2	TotalEnergies	0	0	0	0	0	0	0	0	0	0	0	0	0	0	0	1	1	0	0
BARTA Will	2	Tudor Pro Cycling Team	0	0	0	0	0	0	0	0	0	0	0	0	0	0	0	0	0	0	0
DONZÉ Robin	2	Tudor Pro Cycling Team	0	0	0	0	0	0	0	0	0	0	0	0	0	0	0	0	0	0	0
ERIKSSON Jacob	2	Tudor Pro Cycling Team	0	0	0	0	0	0	1	0	0	0	0	0	0	0	0	0	1	0	0
LIENHARD Fabian	2	Tudor Pro Cycling Team	0	0	0	0	1	1	0	1	1	1	1	1	1	1	0	0	0	0	0
SUTER Joel	2	Tudor Pro Cycling Team	0	0	0	0	0	0	0	1	0	0	0	0	0	0	0	0	1	0	0
PERICAS Adrià	2	UAE Team Emirates - XRG	0	0	0	0	0	0	0	0	0	0	0	0	0	0	0	0	0	0	0
TORRES Pablo	2	UAE Team Emirates - XRG	0	0	0	0	0	0	0	0	0	0	0	0	0	0	0	0	0	0	0
MAIRE Adrien	2	Unibet Rose Rockets	0	0	0	0	0	0	0	0	0	0	0	0	0	0	0	0	0	0	0
AUGÉ Ronan	2	Unibet Rose Rockets	0	0	0	0	1	0	0	0	1	1	0	0	0	1	1	1	0	0	0
FOUGNER Eivind Broholt	2	Unibet Rose Rockets	0	0	0	0	0	0	0	0	0	0	0	0	0	0	0	0	0	0	0
PETER Jannis	2	Unibet Rose Rockets	0	0	0	0	0	0	0	0	0	0	0	0	0	0	0	0	0	0	0
SAVIOZ Colin	2	Unibet Rose Rockets	0	0	0	0	0	0	0	0	0	0	0	0	0	0	0	0	0	0	0
ŤOUPALÍK Adam	2	Unibet Rose Rockets	0	0	0	0	1	0	0	0	1	0	0	0	0	0	1	1	1	0	0
VERSCHUREN Killian	2	Unibet Rose Rockets	0	0	0	0	0	0	0	0	0	0	0	0	0	0	0	0	0	1	0
CHARMIG Anthon	2	Uno-X Mobility	0	0	0	0	0	0	0	0	0	0	0	0	0	0	0	1	1	0	0
LØLAND Sakarias Koller	2	Uno-X Mobility	0	0	0	0	0	0	0	0	1	0	1	0	0	0	0	0	0	0	0
TJØTTA Martin	2	Uno-X Mobility	0	0	0	0	0	0	0	0	0	0	0	0	0	0	0	0	0	0	0
BLUME LEVY William	2	Uno-X Mobility	0	0	0	0	0	0	1	0	1	1	1	1	0	1	0	0	0	0	0
DALBY Simon	2	Uno-X Mobility	0	0	0	0	0	0	0	0	0	0	0	0	0	0	0	0	0	0	0
DVERSNES Fredrik	2	Uno-X Mobility	0	0	0	0	0	0	0	0	0	0	0	0	0	0	0	0	0	0	0
MULUBRHAN Henok	2	XDS Astana Team	0	0	0	0	0	0	0	0	0	0	0	0	0	0	0	0	0	0	0
CONCI Nicola	2	XDS Astana Team	0	0	0	0	0	0	0	0	0	0	0	0	0	0	0	0	1	0	0
KAJAMINI Florian Samuel	2	XDS Astana Team	0	0	0	0	0	0	0	0	0	0	0	0	0	0	0	0	0	0	0
KUZMIN Anton	2	XDS Astana Team	0	0	0	0	0	0	0	0	0	0	0	0	0	0	0	0	0	0	0
VAN HAUTEGEM Leander	2	Team Flanders - Baloise	0	1	0	0	0	0	0	0	0	0	0	0	1	1	0	0	0	0	0
FROIDEVAUX Robin	2	Tudor Pro Cycling Team	0	1	0	0	0	0	0	1	1	0	1	1	1	0	0	0	0	0	0
Thonnon Senne	2	Team Flanders - Baloise	0	0	1	0	0	0	0	0	1	0	0	0	0	0	0	1	1	0	0
ØRN-KRISTOFF Felix	2	Lotto Intermarché	0	1	1	0	0	1	0	0	0	0	0	0	0	0	0	0	0	0	0
HUYSMANS Nolan	2	Team Flanders - Baloise	0	1	1	0	0	0	0	1	0	0	1	0	0	0	1	0	0	0	0

